tweet_id,created_at,author_handle,candidate_mentioned,political_party,election_topic,raw_tweet_text,likes_count,retweets_count,ground_truth_sentiment
TWT-2026-10001,2026-09-06 16:13:00,@metro_citizen,Candidate C,Reform & Integrity Party (RIP),Economy & Jobs,Statistical breakdown: Comparing historical voter turnout trends with early voting statistics in key swing districts. #ElectionMetrics,624,161,Neutral
TWT-2026-10002,2026-08-24 03:48:00,@grassroots_talk,Candidate C,Reform & Integrity Party (RIP),Infrastructure & Green Energy,Healthcare accessibility for all citizens! Candidate C has consistently fought for medical reforms. Thank you @CandidateC!,911,722,Positive
TWT-2026-10003,2026-09-09 21:41:00,@econ_observer,Candidate C,Reform & Integrity Party (RIP),Healthcare,Education funding increase without raising middle-class taxes? Candidate C actually found a viable budget surplus solution!,4620,1576,Positive
TWT-2026-10004,2026-09-14 09:58:00,@liberty_lens,Candidate A,Alliance for Progress (AFP),Governance & Ethics,FYI: Best candidate in the race by far. @CandidateA understands our economic challenges.,5705,552,Positive
TWT-2026-10005,2026-08-06 23:33:00,@campaign_beat,Candidate B,National Democratic Union (NDU),Economy & Jobs,"Honestly, Another empty campaign promise from Candidate B. Talk is cheap, but where is the actual funding for Economy & Jobs? #BrokenPromises",1203,1649,Negative
TWT-2026-10006,2026-09-16 10:49:00,@public_affairs_hub,Candidate B,National Democratic Union (NDU),Infrastructure & Green Energy,Official notice: Candidate debate on Infrastructure & Green Energy will be broadcast nationwide with simultaneous sign language interpretation. #Debate2026,359,82,Neutral
TWT-2026-10007,2026-08-04 21:05:00,@grassroots_talk,Candidate C,Reform & Integrity Party (RIP),Economy & Jobs,New voter survey released today shows Candidate C holding a 48% approval rating among independent voters. #PollTracker #Data,169,82,Neutral
TWT-2026-10008,2026-08-18 06:48:00,@truth_seeker_99,Candidate B,National Democratic Union (NDU),National Security,Education funding increase without raising middle-class taxes? Candidate B actually found a viable budget surplus solution!,4003,1248,Positive
TWT-2026-10009,2026-09-07 15:33:00,@swing_state_view,Candidate A,Alliance for Progress (AFP),Education,Voter sentiment survey across 10 battleground districts shows a statistical dead heat between Candidate A and opponents. #Polls,123,147,Neutral
TWT-2026-10010,2026-08-20 06:49:00,@metro_citizen,Candidate B,National Democratic Union (NDU),Economy & Jobs,My opinion: Live coverage: Press conference by Candidate B answering questions regarding recent bipartisan committee findings on Economy & Jobs.,414,308,Neutral
TWT-2026-10011,2026-08-28 05:08:00,@pulse_of_nation,Candidate B,National Democratic Union (NDU),Education,Strong leadership shown by Candidate B during the national crisis. Integrity and compassion in action! #TrueLeader,1007,20,Positive
TWT-2026-10012,2026-09-21 11:04:00,@pulse_of_nation,Candidate C,Reform & Integrity Party (RIP),National Security,Live coverage: Press conference by Candidate C answering questions regarding recent bipartisan committee findings on National Security.,522,288,Neutral
TWT-2026-10013,2026-09-25 10:36:00,@state_observer,Candidate C,Reform & Integrity Party (RIP),Economy & Jobs,Weak stance on national defense and border security from Candidate C. Compromising our national safety is non-negotiable!,183,1891,Negative
TWT-2026-10014,2026-08-26 00:20:00,@daily_elector,Candidate C,Reform & Integrity Party (RIP),Infrastructure & Green Energy,Very poor response from Candidate C regarding the corruption allegations. Silence speaks volumes.,5274,1718,Negative
TWT-2026-10015,2026-08-07 07:27:00,@public_affairs_hub,Candidate C,Reform & Integrity Party (RIP),Infrastructure & Green Energy,"Clear vision, dignity, and practical execution. Rooting for Candidate C in the upcoming vote!",2989,185,Positive
TWT-2026-10016,2026-08-22 07:21:00,@national_digest,Candidate B,National Democratic Union (NDU),Governance & Ethics,Just watched the town hall. Candidate B demonstrated remarkable grasp of Governance & Ethics. They have my full support! #VoterChoice,3267,1787,Positive
TWT-2026-10017,2026-08-13 11:22:00,@voter_forum,Candidate A,Alliance for Progress (AFP),Economy & Jobs,Total trainwreck of an interview from @CandidateA. Avoided every tough question about campaign financing.,5217,475,Negative
TWT-2026-10018,2026-08-12 19:09:00,@national_digest,Candidate C,Reform & Integrity Party (RIP),Healthcare,"Terrible debate showing for Candidate C. Aggressive, defensive, and lacking any coherent policy vision on Healthcare. #DebateLoss",872,607,Negative
TWT-2026-10019,2026-09-06 18:28:00,@swing_state_view,Candidate C,Reform & Integrity Party (RIP),Economy & Jobs,"Another empty campaign promise from Candidate C. Talk is cheap, but where is the actual funding for Economy & Jobs? #BrokenPromises",6361,2031,Negative
TWT-2026-10020,2026-09-10 10:09:00,@election_daily,Candidate C,Reform & Integrity Party (RIP),National Security,"Wasteful spending, no fiscal restraint, and reckless slogans from @CandidateC. Hard pass!",5146,1331,Negative
TWT-2026-10021,2026-09-07 01:22:00,@truth_seeker_99,Candidate A,Alliance for Progress (AFP),Infrastructure & Green Energy,Official notice: Candidate debate on Infrastructure & Green Energy will be broadcast nationwide with simultaneous sign language interpretation. #Debate2026,656,157,Neutral
TWT-2026-10022,2026-08-05 20:55:00,@civic_pulse,Candidate A,Alliance for Progress (AFP),Education,FYI: Ethical governance and complete anti-corruption measures! Exactly why Candidate A deserves to lead this nation! #CleanPolitics,3727,82,Positive
TWT-2026-10023,2026-09-20 23:57:00,@policy_watch,Candidate C,Reform & Integrity Party (RIP),Governance & Ethics,Yes! Great to see Candidate C gaining strong endorsements from grassroots organizations today.,3174,952,Positive
TWT-2026-10024,2026-09-02 04:03:00,@election_daily,Candidate B,National Democratic Union (NDU),Governance & Ethics,Public hearing on state infrastructure maintenance completed with statements from Candidate B's liaison.,202,166,Neutral
TWT-2026-10025,2026-08-03 07:45:00,@election_daily,Candidate A,Alliance for Progress (AFP),Education,"Clear vision, dignity, and practical execution. Rooting for Candidate A in the upcoming vote!",715,1038,Positive
TWT-2026-10026,2026-09-28 09:24:00,@state_observer,Candidate B,National Democratic Union (NDU),Governance & Ethics,Total trainwreck of an interview from @CandidateB. Avoided every tough question about campaign financing.,5025,658,Negative
TWT-2026-10027,2026-09-05 21:24:00,@apex_analyst,Candidate B,National Democratic Union (NDU),National Security,"Honestly, Ballot counting procedures and independent audit committee verification guidelines published this morning.",63,173,Neutral
TWT-2026-10028,2026-09-07 21:09:00,@voter_chronicle,Candidate B,National Democratic Union (NDU),National Security,The latest policy paper from Candidate B reads like a wish list with no real budget arithmetic.,4967,623,Negative
TWT-2026-10029,2026-08-20 17:24:00,@urban_voter,Candidate B,National Democratic Union (NDU),National Security,"Honestly, Clear vision, dignity, and practical execution. Rooting for Candidate B in the upcoming vote!",5449,807,Positive
TWT-2026-10030,2026-09-13 16:05:00,@urban_voter,Candidate B,National Democratic Union (NDU),Healthcare,Best candidate in the race by far. @CandidateB understands our economic challenges.,5782,1702,Positive
TWT-2026-10031,2026-08-12 06:21:00,@national_digest,Candidate C,Reform & Integrity Party (RIP),Infrastructure & Green Energy,Yes! Great to see Candidate C gaining strong endorsements from grassroots organizations today.,2989,42,Positive
TWT-2026-10032,2026-09-02 17:53:00,@voter_forum,Candidate B,National Democratic Union (NDU),Healthcare,"Honestly, Healthcare accessibility for all citizens! Candidate B has consistently fought for medical reforms. Thank you @CandidateB!",1151,322,Positive
TWT-2026-10033,2026-08-09 19:24:00,@metro_citizen,Candidate C,Reform & Integrity Party (RIP),Economy & Jobs,Best candidate in the race by far. @CandidateC understands our economic challenges.,2783,1799,Positive
TWT-2026-10034,2026-08-03 13:23:00,@swing_state_view,Candidate A,Alliance for Progress (AFP),Healthcare,"District polling data updated as of 12 PM: 42% Candidate A, 40% Candidate B, 18% Candidate C or undecided.",799,86,Neutral
TWT-2026-10035,2026-09-20 14:14:00,@econ_observer,Candidate C,Reform & Integrity Party (RIP),Healthcare,Ethical governance and complete anti-corruption measures! Exactly why Candidate C deserves to lead this nation! #CleanPolitics,5026,588,Positive
TWT-2026-10036,2026-09-30 18:28:00,@election_daily,Candidate A,Alliance for Progress (AFP),Education,The election commission released the final list of polling venues and security protocols for district 4. #ElectionNotice,935,101,Neutral
TWT-2026-10037,2026-09-22 06:51:00,@civic_sentinel,Candidate B,National Democratic Union (NDU),Infrastructure & Green Energy,Total trainwreck of an interview from @CandidateB. Avoided every tough question about campaign financing.,4350,1722,Negative
TWT-2026-10038,2026-09-05 03:45:00,@truth_seeker_99,Candidate A,Alliance for Progress (AFP),Education,Impressive economic plan presented by Candidate A! Lower inflation and 500k new green jobs is exactly what we need. @CandidateA #Growth,5277,989,Positive
TWT-2026-10039,2026-09-27 16:09:00,@state_observer,Candidate A,Alliance for Progress (AFP),Education,How can anyone trust Candidate A on Education when their voting record shows the exact opposite for the past decade? #Hypocrisy,6281,664,Negative
TWT-2026-10040,2026-08-26 16:23:00,@democratic_forum,Candidate A,Alliance for Progress (AFP),Healthcare,The tax burden on small businesses under Candidate A's scheme would shut down thousands of local enterprises! #SaveSmallBiz,2893,117,Negative
TWT-2026-10041,2026-08-07 22:41:00,@liberty_lens,Candidate B,National Democratic Union (NDU),Economy & Jobs,Youth employment initiatives by Candidate B are groundbreaking. Giving the next generation real opportunities! @CandidateB #YouthVote,1864,62,Positive
TWT-2026-10042,2026-08-09 22:30:00,@election_daily,Candidate A,Alliance for Progress (AFP),Healthcare,Candidate A's latest proposal will drive inflation even higher. Irresponsible spending without any fiscal discipline! #EconomicWarning,2380,1943,Negative
TWT-2026-10043,2026-09-05 23:38:00,@truth_seeker_99,Candidate C,Reform & Integrity Party (RIP),Economy & Jobs,"My opinion: Both parties met today to finalize the debate rules covering Economy & Jobs, foreign policy, and federal budget allocations. #Campaign2026",29,133,Neutral
TWT-2026-10044,2026-08-27 20:50:00,@civic_sentinel,Candidate B,National Democratic Union (NDU),Economy & Jobs,"My opinion: I was undecided until I read Candidate B's policy paper on Economy & Jobs. Transparent, pragmatic, and data-driven! #SmartGovernance",1971,621,Positive
TWT-2026-10045,2026-09-06 07:45:00,@metro_citizen,Candidate B,National Democratic Union (NDU),Economy & Jobs,Major blunders in today's press conference by Candidate B. Completely out of touch with the struggles of working people! #Election2026,4124,75,Negative
TWT-2026-10046,2026-08-12 21:42:00,@civic_pulse,Candidate B,National Democratic Union (NDU),Infrastructure & Green Energy,Just in: Election Update: Candidate B will hold a policy address on Infrastructure & Green Energy this Thursday at 3 PM EST. Coverage streaming live on channel 4. #ElectionUpdate,639,182,Neutral
TWT-2026-10047,2026-09-02 17:01:00,@pulse_of_nation,Candidate C,Reform & Integrity Party (RIP),Education,Just watched the town hall. Candidate C demonstrated remarkable grasp of Education. They have my full support! #VoterChoice,4334,1119,Positive
TWT-2026-10048,2026-08-02 11:50:00,@civic_pulse,Candidate B,National Democratic Union (NDU),Economy & Jobs,Kudos to Candidate B for addressing rural healthcare and small businesses head on!,3194,769,Positive
TWT-2026-10049,2026-09-17 10:08:00,@policy_watch,Candidate B,National Democratic Union (NDU),Healthcare,Take note: A refreshing speech on democratic renewal and ethics from Candidate B. Count me in!,5407,1291,Positive
TWT-2026-10050,2026-09-13 14:44:00,@citizen_journal,Candidate B,National Democratic Union (NDU),Governance & Ethics,Ignoring public opinion on Governance & Ethics! Candidate B continues to serve special interests rather than ordinary families. @CandidateB,6694,725,Negative
TWT-2026-10051,2026-08-03 06:56:00,@policy_watch,Candidate C,Reform & Integrity Party (RIP),Healthcare,My opinion: Voter registration deadline is in two weeks. Check your polling precinct and local ballot measures online. #VoterInfo #Democracy,74,236,Neutral
TWT-2026-10052,2026-09-18 20:12:00,@apex_analyst,Candidate B,National Democratic Union (NDU),Education,Total trainwreck of an interview from @CandidateB. Avoided every tough question about campaign financing.,3292,1947,Negative
TWT-2026-10053,2026-08-28 12:47:00,@election_daily,Candidate B,National Democratic Union (NDU),Economy & Jobs,FYI: Kudos to Candidate B for addressing rural healthcare and small businesses head on!,2744,564,Positive
TWT-2026-10054,2026-09-21 16:17:00,@civic_pulse,Candidate B,National Democratic Union (NDU),Education,"Analysis of the three candidate manifestos regarding Education: A comparison of tax rates, timeline, and projected GDP impact. #PolicyReview",518,256,Neutral
TWT-2026-10055,2026-08-12 17:18:00,@liberty_lens,Candidate C,Reform & Integrity Party (RIP),Infrastructure & Green Energy,Just watched the town hall. Candidate C demonstrated remarkable grasp of Infrastructure & Green Energy. They have my full support! #VoterChoice,3552,1238,Positive
TWT-2026-10056,2026-09-08 22:27:00,@daily_elector,Candidate A,Alliance for Progress (AFP),Economy & Jobs,The parliamentary committee report on Economy & Jobs was reviewed by Candidate A's advisory team earlier today. #PolicyReport,686,153,Neutral
TWT-2026-10057,2026-09-28 11:39:00,@state_observer,Candidate C,Reform & Integrity Party (RIP),Infrastructure & Green Energy,Youth employment initiatives by Candidate C are groundbreaking. Giving the next generation real opportunities! @CandidateC #YouthVote,3687,91,Positive
TWT-2026-10058,2026-09-21 23:43:00,@daily_elector,Candidate B,National Democratic Union (NDU),National Security,New voter survey released today shows Candidate B holding a 48% approval rating among independent voters. #PollTracker #Data,86,209,Neutral
TWT-2026-10059,2026-08-09 02:15:00,@national_digest,Candidate A,Alliance for Progress (AFP),Healthcare,Very optimistic after hearing Candidate A's interview. Sensible policies on Healthcare for all families.,5579,1605,Positive
TWT-2026-10060,2026-09-13 14:23:00,@voter_chronicle,Candidate C,Reform & Integrity Party (RIP),Education,Unrealistic claims from Candidate C! You cannot simultaneously cut revenues and promise massive subsidies in Education. Pure fantasy!,3166,140,Negative
TWT-2026-10061,2026-08-21 20:17:00,@democratic_forum,Candidate B,National Democratic Union (NDU),Economy & Jobs,Inspiring words from Candidate B at the community rally. Let's make this win happen!,1152,1089,Positive
TWT-2026-10062,2026-09-28 17:07:00,@grassroots_talk,Candidate A,Alliance for Progress (AFP),Economy & Jobs,Registration guidelines for overseas citizen voting and mail-in ballot dispatch timelines posted on official portal.,200,257,Neutral
TWT-2026-10063,2026-09-01 06:07:00,@metro_citizen,Candidate B,National Democratic Union (NDU),National Security,The tax burden on small businesses under Candidate B's scheme would shut down thousands of local enterprises! #SaveSmallBiz,1787,1177,Negative
TWT-2026-10064,2026-09-21 21:54:00,@liberty_lens,Candidate A,Alliance for Progress (AFP),Infrastructure & Green Energy,"Analysis of the three candidate manifestos regarding Infrastructure & Green Energy: A comparison of tax rates, timeline, and projected GDP impact. #PolicyReview",930,229,Neutral
TWT-2026-10065,2026-09-27 09:54:00,@daily_elector,Candidate C,Reform & Integrity Party (RIP),Education,"Clear vision, dignity, and practical execution. Rooting for Candidate C in the upcoming vote!",556,1131,Positive
TWT-2026-10066,2026-09-02 07:07:00,@campaign_beat,Candidate C,Reform & Integrity Party (RIP),National Security,Very poor response from Candidate C regarding the corruption allegations. Silence speaks volumes.,5254,721,Negative
TWT-2026-10067,2026-08-24 14:51:00,@econ_observer,Candidate A,Alliance for Progress (AFP),Healthcare,I cannot believe people are falling for Candidate A's false narratives on Healthcare. Do your research!,245,1486,Negative
TWT-2026-10068,2026-09-15 23:30:00,@truth_seeker_99,Candidate A,Alliance for Progress (AFP),Governance & Ethics,"Both parties met today to finalize the debate rules covering Governance & Ethics, foreign policy, and federal budget allocations. #Campaign2026",77,160,Neutral
TWT-2026-10069,2026-09-11 02:28:00,@election_daily,Candidate B,National Democratic Union (NDU),Infrastructure & Green Energy,Inspiring words from Candidate B at the community rally. Let's make this win happen!,629,261,Positive
TWT-2026-10070,2026-08-09 13:32:00,@policy_watch,Candidate C,Reform & Integrity Party (RIP),Governance & Ethics,Unrealistic claims from Candidate C! You cannot simultaneously cut revenues and promise massive subsidies in Governance & Ethics. Pure fantasy!,1081,753,Negative
TWT-2026-10071,2026-08-23 16:57:00,@apex_analyst,Candidate A,Alliance for Progress (AFP),Governance & Ethics,My opinion: Voter registration deadline is in two weeks. Check your polling precinct and local ballot measures online. #VoterInfo #Democracy,321,86,Neutral
TWT-2026-10072,2026-09-09 17:05:00,@truth_seeker_99,Candidate A,Alliance for Progress (AFP),Education,FYI: Watching Candidate A dodge straightforward questions on Education was painful. Lack of transparency is alarming! #AccountabilityNow,5232,1132,Negative
TWT-2026-10073,2026-09-16 19:21:00,@public_affairs_hub,Candidate C,Reform & Integrity Party (RIP),Healthcare,Take note: Inspiring words from Candidate C at the community rally. Let's make this win happen!,4781,320,Positive
TWT-2026-10074,2026-08-17 20:13:00,@national_digest,Candidate A,Alliance for Progress (AFP),Economy & Jobs,Just watched the town hall. Candidate A demonstrated remarkable grasp of Economy & Jobs. They have my full support! #VoterChoice,397,1318,Positive
TWT-2026-10075,2026-09-10 17:18:00,@urban_voter,Candidate C,Reform & Integrity Party (RIP),Infrastructure & Green Energy,Shocking lack of empathy from Candidate C today. Clearly disconnected from ordinary realities.,5264,132,Negative
TWT-2026-10076,2026-08-05 22:03:00,@daily_elector,Candidate B,National Democratic Union (NDU),Infrastructure & Green Energy,Healthcare accessibility for all citizens! Candidate B has consistently fought for medical reforms. Thank you @CandidateB!,5636,836,Positive
TWT-2026-10077,2026-08-10 10:55:00,@insight_politics,Candidate B,National Democratic Union (NDU),Infrastructure & Green Energy,Loving Candidate B's honest take on Infrastructure & Green Energy. Real solutions rather than empty slogans.,3829,422,Positive
TWT-2026-10078,2026-09-02 17:06:00,@liberty_lens,Candidate B,National Democratic Union (NDU),National Security,Unrealistic claims from Candidate B! You cannot simultaneously cut revenues and promise massive subsidies in National Security. Pure fantasy!,3296,543,Negative
TWT-2026-10079,2026-08-04 09:24:00,@civic_sentinel,Candidate A,Alliance for Progress (AFP),Infrastructure & Green Energy,"Honestly, Candidate A submitted the official campaign expenditure statement to the election commission yesterday afternoon. @CandidateA",283,232,Neutral
TWT-2026-10080,2026-09-16 10:12:00,@national_digest,Candidate B,National Democratic Union (NDU),Healthcare,"Another empty campaign promise from Candidate B. Talk is cheap, but where is the actual funding for Healthcare? #BrokenPromises",6694,1349,Negative
TWT-2026-10081,2026-09-01 00:05:00,@pulse_of_nation,Candidate A,Alliance for Progress (AFP),Infrastructure & Green Energy,Total trainwreck of an interview from @CandidateA. Avoided every tough question about campaign financing.,3854,2050,Negative
TWT-2026-10082,2026-08-04 09:31:00,@civic_sentinel,Candidate C,Reform & Integrity Party (RIP),Infrastructure & Green Energy,Healthcare accessibility for all citizens! Candidate C has consistently fought for medical reforms. Thank you @CandidateC!,1787,1199,Positive
TWT-2026-10083,2026-08-28 04:56:00,@grassroots_talk,Candidate C,Reform & Integrity Party (RIP),National Security,"Honestly, The election commission released the final list of polling venues and security protocols for district 4. #ElectionNotice",302,276,Neutral
TWT-2026-10084,2026-09-06 17:12:00,@voter_chronicle,Candidate C,Reform & Integrity Party (RIP),Education,Fact-checking the claims made during yesterday's round-table discussion on Education and public expenditure. #FactCheck,384,25,Neutral
TWT-2026-10085,2026-09-05 08:52:00,@civic_sentinel,Candidate C,Reform & Integrity Party (RIP),Education,How can anyone trust Candidate C on Education when their voting record shows the exact opposite for the past decade? #Hypocrisy,3194,2073,Negative
TWT-2026-10086,2026-09-20 10:35:00,@voter_chronicle,Candidate C,Reform & Integrity Party (RIP),Governance & Ethics,Candidate C submitted the official campaign expenditure statement to the election commission yesterday afternoon. @CandidateC,141,51,Neutral
TWT-2026-10087,2026-08-03 01:08:00,@insight_politics,Candidate A,Alliance for Progress (AFP),Healthcare,Ballot counting procedures and independent audit committee verification guidelines published this morning.,531,207,Neutral
TWT-2026-10088,2026-09-02 04:20:00,@civic_sentinel,Candidate B,National Democratic Union (NDU),Infrastructure & Green Energy,Yes! Great to see Candidate B gaining strong endorsements from grassroots organizations today.,3768,310,Positive
TWT-2026-10089,2026-09-02 16:34:00,@citizen_journal,Candidate B,National Democratic Union (NDU),Healthcare,Severe mismanagement in previous terms makes Candidate B unfit to oversee national Healthcare. #NoConfidence,5080,1233,Negative
TWT-2026-10090,2026-09-13 03:26:00,@public_affairs_hub,Candidate C,Reform & Integrity Party (RIP),Governance & Ethics,"FYI: I was undecided until I read Candidate C's policy paper on Governance & Ethics. Transparent, pragmatic, and data-driven! #SmartGovernance",3915,1675,Positive
TWT-2026-10091,2026-08-17 20:50:00,@national_digest,Candidate B,National Democratic Union (NDU),National Security,"District polling data updated as of 12 PM: 42% Candidate A, 40% Candidate B, 18% Candidate C or undecided.",654,15,Neutral
TWT-2026-10092,2026-08-11 16:40:00,@voter_forum,Candidate C,Reform & Integrity Party (RIP),Governance & Ethics,Live coverage: Press conference by Candidate C answering questions regarding recent bipartisan committee findings on Governance & Ethics.,748,28,Neutral
TWT-2026-10093,2026-08-13 00:28:00,@liberty_lens,Candidate C,Reform & Integrity Party (RIP),Infrastructure & Green Energy,"Honestly, Finally a leader who prioritizes Infrastructure & Green Energy. Candidate C's proposed reforms will uplift working families across the country! @CandidateC",5601,501,Positive
TWT-2026-10094,2026-09-19 19:58:00,@citizen_journal,Candidate B,National Democratic Union (NDU),Healthcare,Weak stance on national defense and border security from Candidate B. Compromising our national safety is non-negotiable!,5686,843,Negative
TWT-2026-10095,2026-09-05 10:42:00,@citizen_journal,Candidate C,Reform & Integrity Party (RIP),National Security,Candidate C's latest proposal will drive inflation even higher. Irresponsible spending without any fiscal discipline! #EconomicWarning,5811,573,Negative
TWT-2026-10096,2026-08-22 17:22:00,@swing_state_view,Candidate C,Reform & Integrity Party (RIP),Infrastructure & Green Energy,Ignoring public opinion on Infrastructure & Green Energy! Candidate C continues to serve special interests rather than ordinary families. @CandidateC,1448,1890,Negative
TWT-2026-10097,2026-08-13 07:17:00,@econ_observer,Candidate C,Reform & Integrity Party (RIP),National Security,Kudos to Candidate C for addressing rural healthcare and small businesses head on!,5704,546,Positive
TWT-2026-10098,2026-09-14 22:31:00,@liberty_lens,Candidate B,National Democratic Union (NDU),Healthcare,Rising unemployment numbers prove Candidate B's economic strategy has failed miserably. Time for a change of direction! #JobsCrisis,6347,1191,Negative
TWT-2026-10099,2026-09-06 21:34:00,@pulse_of_nation,Candidate B,National Democratic Union (NDU),Education,Solid arguments from @CandidateB tonight. The plan for Education is well thought out and realistic.,5936,565,Positive
TWT-2026-10100,2026-09-15 02:22:00,@election_daily,Candidate B,National Democratic Union (NDU),Education,The proposed cuts to Education by Candidate B will devastate rural communities. Completely unacceptable! @CandidateB #VoterDiscontent,2409,180,Negative
TWT-2026-10101,2026-08-18 17:44:00,@grassroots_talk,Candidate C,Reform & Integrity Party (RIP),Education,Take note: Registration guidelines for overseas citizen voting and mail-in ballot dispatch timelines posted on official portal.,500,111,Neutral
TWT-2026-10102,2026-09-12 16:14:00,@urban_voter,Candidate A,Alliance for Progress (AFP),Economy & Jobs,"Honestly, Very optimistic after hearing Candidate A's interview. Sensible policies on Economy & Jobs for all families.",6094,1206,Positive
TWT-2026-10103,2026-08-07 21:49:00,@metro_citizen,Candidate A,Alliance for Progress (AFP),Economy & Jobs,Huge turnout at the Candidate A rally today! The energy is electric and the momentum is unstoppable! #Election2026,3410,681,Positive
TWT-2026-10104,2026-08-13 09:20:00,@apex_analyst,Candidate A,Alliance for Progress (AFP),Governance & Ethics,"Analysis of the three candidate manifestos regarding Governance & Ethics: A comparison of tax rates, timeline, and projected GDP impact. #PolicyReview",426,245,Neutral
TWT-2026-10105,2026-09-28 05:26:00,@daily_elector,Candidate C,Reform & Integrity Party (RIP),Economy & Jobs,"Honestly, Both parties met today to finalize the debate rules covering Economy & Jobs, foreign policy, and federal budget allocations. #Campaign2026",677,295,Neutral
TWT-2026-10106,2026-09-29 09:56:00,@policy_watch,Candidate A,Alliance for Progress (AFP),Infrastructure & Green Energy,Loving Candidate A's honest take on Infrastructure & Green Energy. Real solutions rather than empty slogans.,1551,1538,Positive
TWT-2026-10107,2026-08-22 09:29:00,@urban_voter,Candidate A,Alliance for Progress (AFP),Education,Inspiring words from Candidate A at the community rally. Let's make this win happen!,4962,224,Positive
TWT-2026-10108,2026-08-18 06:51:00,@political_insider,Candidate C,Reform & Integrity Party (RIP),Governance & Ethics,Loving Candidate C's honest take on Governance & Ethics. Real solutions rather than empty slogans.,1124,1747,Positive
TWT-2026-10109,2026-08-01 23:21:00,@apex_analyst,Candidate B,National Democratic Union (NDU),Healthcare,Disagree completely with @CandidateB's authoritarian approach to public education and local governance.,3789,1061,Negative
TWT-2026-10110,2026-09-02 10:05:00,@pulse_of_nation,Candidate C,Reform & Integrity Party (RIP),National Security,Watching Candidate C dodge straightforward questions on National Security was painful. Lack of transparency is alarming! #AccountabilityNow,1467,1668,Negative
TWT-2026-10111,2026-08-16 00:16:00,@pulse_of_nation,Candidate C,Reform & Integrity Party (RIP),Economy & Jobs,"Another empty campaign promise from Candidate C. Talk is cheap, but where is the actual funding for Economy & Jobs? #BrokenPromises",1181,1963,Negative
TWT-2026-10112,2026-09-06 00:16:00,@urban_voter,Candidate A,Alliance for Progress (AFP),Infrastructure & Green Energy,Polling stations will open at 7:00 AM on election day. Early mail-in voting starts next Monday across all counties. #ElectionGuide,347,156,Neutral
TWT-2026-10113,2026-08-11 12:43:00,@truth_seeker_99,Candidate B,National Democratic Union (NDU),National Security,FYI: Healthcare accessibility for all citizens! Candidate B has consistently fought for medical reforms. Thank you @CandidateB!,533,1372,Positive
TWT-2026-10114,2026-08-19 11:39:00,@democratic_forum,Candidate C,Reform & Integrity Party (RIP),Education,"Clear vision, dignity, and practical execution. Rooting for Candidate C in the upcoming vote!",986,1313,Positive
TWT-2026-10115,2026-09-08 11:26:00,@insight_politics,Candidate A,Alliance for Progress (AFP),Healthcare,I cannot believe people are falling for Candidate A's false narratives on Healthcare. Do your research!,1284,1871,Negative
TWT-2026-10116,2026-09-13 19:55:00,@civic_pulse,Candidate C,Reform & Integrity Party (RIP),Infrastructure & Green Energy,Cost of living is through the roof and Candidate C offers zero practical solutions. What a joke.,6599,902,Negative
TWT-2026-10117,2026-08-08 01:53:00,@econ_observer,Candidate C,Reform & Integrity Party (RIP),Infrastructure & Green Energy,Take note: Yes! Great to see Candidate C gaining strong endorsements from grassroots organizations today.,5790,745,Positive
TWT-2026-10118,2026-08-29 03:43:00,@campaign_beat,Candidate C,Reform & Integrity Party (RIP),Healthcare,Take note: Reviewing the key legislative bills co-sponsored by Candidate C between 2022 and 2025 regarding Healthcare.,559,78,Neutral
TWT-2026-10119,2026-08-04 14:08:00,@truth_seeker_99,Candidate C,Reform & Integrity Party (RIP),Governance & Ethics,I cannot believe people are falling for Candidate C's false narratives on Governance & Ethics. Do your research!,774,2098,Negative
TWT-2026-10120,2026-09-21 09:46:00,@voter_voice,Candidate B,National Democratic Union (NDU),Infrastructure & Green Energy,Reviewing the key legislative bills co-sponsored by Candidate B between 2022 and 2025 regarding Infrastructure & Green Energy.,69,288,Neutral
TWT-2026-10121,2026-08-03 13:22:00,@insight_politics,Candidate B,National Democratic Union (NDU),Education,Candidate B delivered an outstanding speech on Education today! Truly inspiring vision for our future. #Election2026 #Leadership,6134,451,Positive
TWT-2026-10122,2026-08-12 04:49:00,@urban_voter,Candidate A,Alliance for Progress (AFP),Governance & Ethics,Just in: Candidate A's latest proposal will drive inflation even higher. Irresponsible spending without any fiscal discipline! #EconomicWarning,595,1941,Negative
TWT-2026-10123,2026-09-28 12:24:00,@civic_pulse,Candidate C,Reform & Integrity Party (RIP),National Security,Education funding increase without raising middle-class taxes? Candidate C actually found a viable budget surplus solution!,3092,788,Positive
TWT-2026-10124,2026-08-08 05:34:00,@pulse_of_nation,Candidate C,Reform & Integrity Party (RIP),National Security,Solid arguments from @CandidateC tonight. The plan for National Security is well thought out and realistic.,1114,1343,Positive
TWT-2026-10125,2026-08-20 14:43:00,@voter_forum,Candidate C,Reform & Integrity Party (RIP),Healthcare,Disagree completely with @CandidateC's authoritarian approach to public education and local governance.,1854,22,Negative
TWT-2026-10126,2026-08-23 04:17:00,@campaign_beat,Candidate C,Reform & Integrity Party (RIP),Infrastructure & Green Energy,Just in: Solid arguments from @CandidateC tonight. The plan for Infrastructure & Green Energy is well thought out and realistic.,3132,1691,Positive
TWT-2026-10127,2026-09-29 00:15:00,@campaign_beat,Candidate C,Reform & Integrity Party (RIP),Economy & Jobs,Impressive economic plan presented by Candidate C! Lower inflation and 500k new green jobs is exactly what we need. @CandidateC #Growth,5433,863,Positive
TWT-2026-10128,2026-09-15 01:15:00,@voter_forum,Candidate A,Alliance for Progress (AFP),Economy & Jobs,Ballot counting procedures and independent audit committee verification guidelines published this morning.,44,230,Neutral
TWT-2026-10129,2026-08-09 16:18:00,@democratic_forum,Candidate A,Alliance for Progress (AFP),Infrastructure & Green Energy,"Honestly, Official notice: Candidate debate on Infrastructure & Green Energy will be broadcast nationwide with simultaneous sign language interpretation. #Debate2026",249,278,Neutral
TWT-2026-10130,2026-09-22 10:15:00,@apex_analyst,Candidate C,Reform & Integrity Party (RIP),Governance & Ethics,The parliamentary committee report on Governance & Ethics was reviewed by Candidate C's advisory team earlier today. #PolicyReport,601,308,Neutral
TWT-2026-10131,2026-08-04 17:37:00,@voter_forum,Candidate A,Alliance for Progress (AFP),National Security,Summary of candidate remarks regarding agricultural subsidies and regional irrigation projects. #AgriNews,236,213,Neutral
TWT-2026-10132,2026-08-23 20:42:00,@pulse_of_nation,Candidate A,Alliance for Progress (AFP),National Security,Best candidate in the race by far. @CandidateA understands our economic challenges.,3524,1143,Positive
TWT-2026-10133,2026-08-12 17:30:00,@democratic_forum,Candidate C,Reform & Integrity Party (RIP),Education,"Just in: District polling data updated as of 12 PM: 42% Candidate A, 40% Candidate B, 18% Candidate C or undecided.",436,211,Neutral
TWT-2026-10134,2026-08-04 17:26:00,@state_observer,Candidate A,Alliance for Progress (AFP),Education,"Clear vision, dignity, and practical execution. Rooting for Candidate A in the upcoming vote!",1207,1655,Positive
TWT-2026-10135,2026-08-22 20:05:00,@election_daily,Candidate C,Reform & Integrity Party (RIP),Governance & Ethics,The proposed cuts to Governance & Ethics by Candidate C will devastate rural communities. Completely unacceptable! @CandidateC #VoterDiscontent,3211,1002,Negative
TWT-2026-10136,2026-09-13 19:38:00,@policy_watch,Candidate B,National Democratic Union (NDU),Economy & Jobs,Just in: Cost of living is through the roof and Candidate B offers zero practical solutions. What a joke.,5965,788,Negative
TWT-2026-10137,2026-09-25 10:19:00,@voter_voice,Candidate A,Alliance for Progress (AFP),Healthcare,Broken promises again. Remember what Candidate A said about Healthcare two years ago? Never happened.,5963,896,Negative
TWT-2026-10138,2026-08-31 07:44:00,@civic_sentinel,Candidate A,Alliance for Progress (AFP),Healthcare,A refreshing speech on democratic renewal and ethics from Candidate A. Count me in!,986,1534,Positive
TWT-2026-10139,2026-08-25 14:34:00,@urban_voter,Candidate C,Reform & Integrity Party (RIP),Healthcare,Severe mismanagement in previous terms makes Candidate C unfit to oversee national Healthcare. #NoConfidence,1990,1325,Negative
TWT-2026-10140,2026-09-21 23:30:00,@national_digest,Candidate B,National Democratic Union (NDU),Education,Candidate B's track record on corruption and ethical conduct is deeply concerning. Voters deserve better! #EthicsMatter,2976,2044,Negative
TWT-2026-10141,2026-09-17 04:01:00,@grassroots_talk,Candidate B,National Democratic Union (NDU),Healthcare,My opinion: Campaign schedule: Candidate B is scheduled to visit three regional manufacturing hubs tomorrow to discuss trade tariffs. @CandidateB,330,213,Neutral
TWT-2026-10142,2026-08-13 10:14:00,@pulse_of_nation,Candidate C,Reform & Integrity Party (RIP),Governance & Ethics,Reviewing the key legislative bills co-sponsored by Candidate C between 2022 and 2025 regarding Governance & Ethics.,747,215,Neutral
TWT-2026-10143,2026-09-22 15:46:00,@urban_voter,Candidate C,Reform & Integrity Party (RIP),Healthcare,I cannot believe people are falling for Candidate C's false narratives on Healthcare. Do your research!,4540,1390,Negative
TWT-2026-10144,2026-08-11 04:46:00,@econ_observer,Candidate C,Reform & Integrity Party (RIP),Infrastructure & Green Energy,Ethical governance and complete anti-corruption measures! Exactly why Candidate C deserves to lead this nation! #CleanPolitics,1403,1505,Positive
TWT-2026-10145,2026-09-23 02:52:00,@swing_state_view,Candidate B,National Democratic Union (NDU),Healthcare,Solid arguments from @CandidateB tonight. The plan for Healthcare is well thought out and realistic.,5282,125,Positive
TWT-2026-10146,2026-08-01 06:32:00,@election_daily,Candidate A,Alliance for Progress (AFP),Economy & Jobs,My opinion: Weak stance on national defense and border security from Candidate A. Compromising our national safety is non-negotiable!,1156,955,Negative
TWT-2026-10147,2026-09-28 15:42:00,@citizen_journal,Candidate B,National Democratic Union (NDU),Economy & Jobs,Very optimistic after hearing Candidate B's interview. Sensible policies on Economy & Jobs for all families.,5249,1370,Positive
TWT-2026-10148,2026-09-16 08:34:00,@apex_analyst,Candidate A,Alliance for Progress (AFP),Economy & Jobs,Take note: Solid arguments from @CandidateA tonight. The plan for Economy & Jobs is well thought out and realistic.,4544,847,Positive
TWT-2026-10149,2026-09-28 05:06:00,@political_insider,Candidate A,Alliance for Progress (AFP),Governance & Ethics,"Clear vision, dignity, and practical execution. Rooting for Candidate A in the upcoming vote!",5546,886,Positive
TWT-2026-10150,2026-08-18 12:05:00,@voter_chronicle,Candidate C,Reform & Integrity Party (RIP),Healthcare,"Terrible debate showing for Candidate C. Aggressive, defensive, and lacking any coherent policy vision on Healthcare. #DebateLoss",1602,1041,Negative
TWT-2026-10151,2026-09-11 20:48:00,@policy_watch,Candidate B,National Democratic Union (NDU),Infrastructure & Green Energy,"Honestly, Inspiring words from Candidate B at the community rally. Let's make this win happen!",2017,1432,Positive
TWT-2026-10152,2026-09-10 00:44:00,@daily_elector,Candidate A,Alliance for Progress (AFP),Infrastructure & Green Energy,Listening to the concerns of ordinary citizens! Candidate A spent hours at the community center answering tough questions on Infrastructure & Green Energy.,3114,1136,Positive
TWT-2026-10153,2026-09-24 03:57:00,@truth_seeker_99,Candidate A,Alliance for Progress (AFP),Infrastructure & Green Energy,Weak stance on national defense and border security from Candidate A. Compromising our national safety is non-negotiable!,5313,1364,Negative
TWT-2026-10154,2026-09-29 02:43:00,@grassroots_talk,Candidate A,Alliance for Progress (AFP),Healthcare,Watching Candidate A dodge straightforward questions on Healthcare was painful. Lack of transparency is alarming! #AccountabilityNow,5701,1955,Negative
TWT-2026-10155,2026-08-21 00:13:00,@public_affairs_hub,Candidate C,Reform & Integrity Party (RIP),Governance & Ethics,Best candidate in the race by far. @CandidateC understands our economic challenges.,294,372,Positive
TWT-2026-10156,2026-09-06 12:43:00,@econ_observer,Candidate A,Alliance for Progress (AFP),National Security,My opinion: Listening to the concerns of ordinary citizens! Candidate A spent hours at the community center answering tough questions on National Security.,655,617,Positive
TWT-2026-10157,2026-08-23 01:06:00,@state_observer,Candidate B,National Democratic Union (NDU),Infrastructure & Green Energy,Registration guidelines for overseas citizen voting and mail-in ballot dispatch timelines posted on official portal.,153,42,Neutral
TWT-2026-10158,2026-08-21 00:40:00,@grassroots_talk,Candidate A,Alliance for Progress (AFP),Economy & Jobs,Ignoring public opinion on Economy & Jobs! Candidate A continues to serve special interests rather than ordinary families. @CandidateA,4987,1632,Negative
TWT-2026-10159,2026-08-28 05:43:00,@public_affairs_hub,Candidate B,National Democratic Union (NDU),Infrastructure & Green Energy,Healthcare accessibility for all citizens! Candidate B has consistently fought for medical reforms. Thank you @CandidateB!,2939,1137,Positive
TWT-2026-10160,2026-08-16 22:04:00,@civic_pulse,Candidate C,Reform & Integrity Party (RIP),Infrastructure & Green Energy,"Both parties met today to finalize the debate rules covering Infrastructure & Green Energy, foreign policy, and federal budget allocations. #Campaign2026",800,318,Neutral
TWT-2026-10161,2026-08-21 11:06:00,@civic_pulse,Candidate B,National Democratic Union (NDU),Healthcare,Fact-checking the claims made during yesterday's round-table discussion on Healthcare and public expenditure. #FactCheck,738,80,Neutral
TWT-2026-10162,2026-08-12 13:28:00,@econ_observer,Candidate A,Alliance for Progress (AFP),Education,"Honestly, Official notice: Candidate debate on Education will be broadcast nationwide with simultaneous sign language interpretation. #Debate2026",378,140,Neutral
TWT-2026-10163,2026-08-06 19:38:00,@liberty_lens,Candidate C,Reform & Integrity Party (RIP),Governance & Ethics,Take note: Education funding increase without raising middle-class taxes? Candidate C actually found a viable budget surplus solution!,871,58,Positive
TWT-2026-10164,2026-09-16 17:57:00,@democratic_forum,Candidate B,National Democratic Union (NDU),Economy & Jobs,Statistical breakdown: Comparing historical voter turnout trends with early voting statistics in key swing districts. #ElectionMetrics,433,200,Neutral
TWT-2026-10165,2026-08-20 08:31:00,@metro_citizen,Candidate C,Reform & Integrity Party (RIP),Governance & Ethics,"FYI: Another empty campaign promise from Candidate C. Talk is cheap, but where is the actual funding for Governance & Ethics? #BrokenPromises",5644,1567,Negative
TWT-2026-10166,2026-09-20 02:23:00,@grassroots_talk,Candidate A,Alliance for Progress (AFP),Healthcare,Weak stance on national defense and border security from Candidate A. Compromising our national safety is non-negotiable!,2290,1732,Negative
TWT-2026-10167,2026-08-30 03:08:00,@apex_analyst,Candidate A,Alliance for Progress (AFP),National Security,Kudos to Candidate A for addressing rural healthcare and small businesses head on!,4086,1221,Positive
TWT-2026-10168,2026-08-22 14:21:00,@state_observer,Candidate A,Alliance for Progress (AFP),Infrastructure & Green Energy,Strong leadership shown by Candidate A during the national crisis. Integrity and compassion in action! #TrueLeader,5105,783,Positive
TWT-2026-10169,2026-09-14 06:30:00,@liberty_lens,Candidate C,Reform & Integrity Party (RIP),Governance & Ethics,Finally a leader who prioritizes Governance & Ethics. Candidate C's proposed reforms will uplift working families across the country! @CandidateC,2486,661,Positive
TWT-2026-10170,2026-09-20 07:20:00,@pulse_of_nation,Candidate A,Alliance for Progress (AFP),Infrastructure & Green Energy,Ignoring public opinion on Infrastructure & Green Energy! Candidate A continues to serve special interests rather than ordinary families. @CandidateA,2417,2019,Negative
TWT-2026-10171,2026-08-12 21:49:00,@econ_observer,Candidate B,National Democratic Union (NDU),Infrastructure & Green Energy,Take note: Youth employment initiatives by Candidate B are groundbreaking. Giving the next generation real opportunities! @CandidateB #YouthVote,957,1159,Positive
TWT-2026-10172,2026-08-19 22:04:00,@state_observer,Candidate A,Alliance for Progress (AFP),National Security,The tax burden on small businesses under Candidate A's scheme would shut down thousands of local enterprises! #SaveSmallBiz,5832,866,Negative
TWT-2026-10173,2026-09-15 13:50:00,@pulse_of_nation,Candidate C,Reform & Integrity Party (RIP),Infrastructure & Green Energy,My opinion: Finally a leader who prioritizes Infrastructure & Green Energy. Candidate C's proposed reforms will uplift working families across the country! @CandidateC,5213,625,Positive
TWT-2026-10174,2026-09-02 22:26:00,@econ_observer,Candidate A,Alliance for Progress (AFP),Infrastructure & Green Energy,Ballot counting procedures and independent audit committee verification guidelines published this morning.,500,300,Neutral
TWT-2026-10175,2026-08-06 03:49:00,@democratic_forum,Candidate A,Alliance for Progress (AFP),Education,"Clear vision, dignity, and practical execution. Rooting for Candidate A in the upcoming vote!",4423,1221,Positive
TWT-2026-10176,2026-09-11 21:41:00,@pulse_of_nation,Candidate C,Reform & Integrity Party (RIP),National Security,Unrealistic claims from Candidate C! You cannot simultaneously cut revenues and promise massive subsidies in National Security. Pure fantasy!,1392,189,Negative
TWT-2026-10177,2026-09-02 23:33:00,@econ_observer,Candidate B,National Democratic Union (NDU),Infrastructure & Green Energy,Huge turnout at the Candidate B rally today! The energy is electric and the momentum is unstoppable! #Election2026,111,206,Positive
TWT-2026-10178,2026-08-30 21:37:00,@insight_politics,Candidate C,Reform & Integrity Party (RIP),National Security,Broken promises again. Remember what Candidate C said about National Security two years ago? Never happened.,1840,1833,Negative
TWT-2026-10179,2026-09-28 02:07:00,@voter_forum,Candidate C,Reform & Integrity Party (RIP),Healthcare,Just in: Unrealistic claims from Candidate C! You cannot simultaneously cut revenues and promise massive subsidies in Healthcare. Pure fantasy!,231,1985,Negative
TWT-2026-10180,2026-09-03 15:22:00,@citizen_journal,Candidate A,Alliance for Progress (AFP),Education,"I was undecided until I read Candidate A's policy paper on Education. Transparent, pragmatic, and data-driven! #SmartGovernance",2835,937,Positive
TWT-2026-10181,2026-08-20 01:51:00,@insight_politics,Candidate A,Alliance for Progress (AFP),Infrastructure & Green Energy,Registration guidelines for overseas citizen voting and mail-in ballot dispatch timelines posted on official portal.,723,233,Neutral
TWT-2026-10182,2026-08-11 23:15:00,@truth_seeker_99,Candidate A,Alliance for Progress (AFP),Economy & Jobs,Ignoring public opinion on Economy & Jobs! Candidate A continues to serve special interests rather than ordinary families. @CandidateA,5338,455,Negative
TWT-2026-10183,2026-08-15 12:40:00,@daily_elector,Candidate A,Alliance for Progress (AFP),Governance & Ethics,"Another empty campaign promise from Candidate A. Talk is cheap, but where is the actual funding for Governance & Ethics? #BrokenPromises",2741,1754,Negative
TWT-2026-10184,2026-09-26 06:28:00,@public_affairs_hub,Candidate A,Alliance for Progress (AFP),National Security,Take note: Best candidate in the race by far. @CandidateA understands our economic challenges.,3565,815,Positive
TWT-2026-10185,2026-09-06 03:51:00,@econ_observer,Candidate B,National Democratic Union (NDU),Infrastructure & Green Energy,"Honestly, Election Update: Candidate B will hold a policy address on Infrastructure & Green Energy this Thursday at 3 PM EST. Coverage streaming live on channel 4. #ElectionUpdate",731,111,Neutral
TWT-2026-10186,2026-09-03 20:20:00,@civic_sentinel,Candidate A,Alliance for Progress (AFP),Education,Just in: Ignoring public opinion on Education! Candidate A continues to serve special interests rather than ordinary families. @CandidateA,1644,1882,Negative
TWT-2026-10187,2026-09-24 14:39:00,@daily_elector,Candidate B,National Democratic Union (NDU),Governance & Ethics,Fact-checking the claims made during yesterday's round-table discussion on Governance & Ethics and public expenditure. #FactCheck,611,60,Neutral
TWT-2026-10188,2026-08-21 03:15:00,@apex_analyst,Candidate C,Reform & Integrity Party (RIP),National Security,Rising unemployment numbers prove Candidate C's economic strategy has failed miserably. Time for a change of direction! #JobsCrisis,5063,355,Negative
TWT-2026-10189,2026-08-27 19:08:00,@public_affairs_hub,Candidate A,Alliance for Progress (AFP),Healthcare,Unrealistic claims from Candidate A! You cannot simultaneously cut revenues and promise massive subsidies in Healthcare. Pure fantasy!,5710,587,Negative
TWT-2026-10190,2026-09-01 09:08:00,@daily_elector,Candidate B,National Democratic Union (NDU),Infrastructure & Green Energy,"Another empty campaign promise from Candidate B. Talk is cheap, but where is the actual funding for Infrastructure & Green Energy? #BrokenPromises",4016,717,Negative
TWT-2026-10191,2026-09-01 04:12:00,@pulse_of_nation,Candidate B,National Democratic Union (NDU),Infrastructure & Green Energy,Shocking lack of empathy from Candidate B today. Clearly disconnected from ordinary realities.,469,1478,Negative
TWT-2026-10192,2026-08-27 22:53:00,@election_daily,Candidate C,Reform & Integrity Party (RIP),Governance & Ethics,"Wasteful spending, no fiscal restraint, and reckless slogans from @CandidateC. Hard pass!",4084,1683,Negative
TWT-2026-10193,2026-08-15 09:02:00,@grassroots_talk,Candidate B,National Democratic Union (NDU),Healthcare,"Both parties met today to finalize the debate rules covering Healthcare, foreign policy, and federal budget allocations. #Campaign2026",588,17,Neutral
TWT-2026-10194,2026-09-19 15:35:00,@truth_seeker_99,Candidate A,Alliance for Progress (AFP),Governance & Ethics,Rising unemployment numbers prove Candidate A's economic strategy has failed miserably. Time for a change of direction! #JobsCrisis,1407,1881,Negative
TWT-2026-10195,2026-09-18 01:48:00,@voter_forum,Candidate A,Alliance for Progress (AFP),Governance & Ethics,Major blunders in today's press conference by Candidate A. Completely out of touch with the struggles of working people! #Election2026,2224,1510,Negative
TWT-2026-10196,2026-09-11 07:19:00,@policy_watch,Candidate B,National Democratic Union (NDU),Governance & Ethics,Watching Candidate B dodge straightforward questions on Governance & Ethics was painful. Lack of transparency is alarming! #AccountabilityNow,3512,427,Negative
TWT-2026-10197,2026-08-08 07:13:00,@voter_forum,Candidate B,National Democratic Union (NDU),Education,Unrealistic claims from Candidate B! You cannot simultaneously cut revenues and promise massive subsidies in Education. Pure fantasy!,6720,364,Negative
TWT-2026-10198,2026-08-11 19:08:00,@campaign_beat,Candidate C,Reform & Integrity Party (RIP),National Security,Campaign schedule: Candidate C is scheduled to visit three regional manufacturing hubs tomorrow to discuss trade tariffs. @CandidateC,891,314,Neutral
TWT-2026-10199,2026-08-11 10:45:00,@apex_analyst,Candidate A,Alliance for Progress (AFP),Economy & Jobs,Broken promises again. Remember what Candidate A said about Economy & Jobs two years ago? Never happened.,2903,1159,Negative
TWT-2026-10200,2026-09-13 03:08:00,@national_digest,Candidate B,National Democratic Union (NDU),Governance & Ethics,Polling stations will open at 7:00 AM on election day. Early mail-in voting starts next Monday across all counties. #ElectionGuide,888,265,Neutral
TWT-2026-10201,2026-08-09 07:09:00,@insight_politics,Candidate B,National Democratic Union (NDU),Economy & Jobs,Historic infrastructure bill proposed by Candidate B. Investing in high-speed rail and renewable grid is visionary! #GreenFuture,5398,264,Positive
TWT-2026-10202,2026-09-10 13:24:00,@election_daily,Candidate B,National Democratic Union (NDU),Healthcare,FYI: The latest policy paper from Candidate B reads like a wish list with no real budget arithmetic.,3247,2012,Negative
TWT-2026-10203,2026-09-26 11:29:00,@citizen_journal,Candidate A,Alliance for Progress (AFP),National Security,How can anyone trust Candidate A on National Security when their voting record shows the exact opposite for the past decade? #Hypocrisy,3330,1147,Negative
TWT-2026-10204,2026-08-30 20:42:00,@insight_politics,Candidate B,National Democratic Union (NDU),Governance & Ethics,Election Update: Candidate B will hold a policy address on Governance & Ethics this Thursday at 3 PM EST. Coverage streaming live on channel 4. #ElectionUpdate,899,49,Neutral
TWT-2026-10205,2026-09-22 06:31:00,@grassroots_talk,Candidate B,National Democratic Union (NDU),Economy & Jobs,Solid arguments from @CandidateB tonight. The plan for Economy & Jobs is well thought out and realistic.,3283,451,Positive
TWT-2026-10206,2026-09-20 10:57:00,@swing_state_view,Candidate B,National Democratic Union (NDU),Education,Just in: The parliamentary committee report on Education was reviewed by Candidate B's advisory team earlier today. #PolicyReport,570,297,Neutral
TWT-2026-10207,2026-08-29 14:00:00,@state_observer,Candidate A,Alliance for Progress (AFP),Economy & Jobs,My opinion: Major blunders in today's press conference by Candidate A. Completely out of touch with the struggles of working people! #Election2026,5159,1890,Negative
TWT-2026-10208,2026-08-06 20:23:00,@grassroots_talk,Candidate A,Alliance for Progress (AFP),National Security,FYI: Finally a leader who prioritizes National Security. Candidate A's proposed reforms will uplift working families across the country! @CandidateA,5349,623,Positive
TWT-2026-10209,2026-09-16 22:48:00,@democratic_forum,Candidate A,Alliance for Progress (AFP),Education,FYI: Best candidate in the race by far. @CandidateA understands our economic challenges.,5340,343,Positive
TWT-2026-10210,2026-08-05 04:37:00,@democratic_forum,Candidate B,National Democratic Union (NDU),National Security,Just in: How can anyone trust Candidate B on National Security when their voting record shows the exact opposite for the past decade? #Hypocrisy,5794,397,Negative
TWT-2026-10211,2026-09-22 03:55:00,@state_observer,Candidate C,Reform & Integrity Party (RIP),National Security,The tax burden on small businesses under Candidate C's scheme would shut down thousands of local enterprises! #SaveSmallBiz,106,41,Negative
TWT-2026-10212,2026-09-16 03:06:00,@liberty_lens,Candidate C,Reform & Integrity Party (RIP),Healthcare,The election commission released the final list of polling venues and security protocols for district 4. #ElectionNotice,82,119,Neutral
TWT-2026-10213,2026-09-25 04:41:00,@swing_state_view,Candidate B,National Democratic Union (NDU),Education,Finally a leader who prioritizes Education. Candidate B's proposed reforms will uplift working families across the country! @CandidateB,3160,1589,Positive
TWT-2026-10214,2026-08-11 14:22:00,@voter_forum,Candidate A,Alliance for Progress (AFP),Economy & Jobs,Total trainwreck of an interview from @CandidateA. Avoided every tough question about campaign financing.,4644,42,Negative
TWT-2026-10215,2026-08-29 06:05:00,@political_insider,Candidate A,Alliance for Progress (AFP),National Security,Disagree completely with @CandidateA's authoritarian approach to public education and local governance.,1270,1694,Negative
TWT-2026-10216,2026-08-28 10:50:00,@metro_citizen,Candidate A,Alliance for Progress (AFP),Economy & Jobs,Broken promises again. Remember what Candidate A said about Economy & Jobs two years ago? Never happened.,6010,1580,Negative
TWT-2026-10217,2026-09-08 23:38:00,@apex_analyst,Candidate A,Alliance for Progress (AFP),Education,Public hearing on state infrastructure maintenance completed with statements from Candidate A's liaison.,96,129,Neutral
TWT-2026-10218,2026-09-02 06:47:00,@pulse_of_nation,Candidate C,Reform & Integrity Party (RIP),Economy & Jobs,Best candidate in the race by far. @CandidateC understands our economic challenges.,2496,425,Positive
TWT-2026-10219,2026-08-16 15:40:00,@civic_sentinel,Candidate B,National Democratic Union (NDU),National Security,Impressive economic plan presented by Candidate B! Lower inflation and 500k new green jobs is exactly what we need. @CandidateB #Growth,1985,1018,Positive
TWT-2026-10220,2026-08-27 11:34:00,@swing_state_view,Candidate A,Alliance for Progress (AFP),Governance & Ethics,Take note: Candidate A delivered an outstanding speech on Governance & Ethics today! Truly inspiring vision for our future. #Election2026 #Leadership,2983,653,Positive
TWT-2026-10221,2026-08-14 01:59:00,@policy_watch,Candidate A,Alliance for Progress (AFP),Infrastructure & Green Energy,FYI: Just watched the town hall. Candidate A demonstrated remarkable grasp of Infrastructure & Green Energy. They have my full support! #VoterChoice,161,1207,Positive
TWT-2026-10222,2026-08-28 22:25:00,@civic_pulse,Candidate B,National Democratic Union (NDU),Governance & Ethics,Statistical breakdown: Comparing historical voter turnout trends with early voting statistics in key swing districts. #ElectionMetrics,653,258,Neutral
TWT-2026-10223,2026-08-20 02:32:00,@campaign_beat,Candidate C,Reform & Integrity Party (RIP),Governance & Ethics,Solid arguments from @CandidateC tonight. The plan for Governance & Ethics is well thought out and realistic.,5071,317,Positive
TWT-2026-10224,2026-08-28 23:54:00,@democratic_forum,Candidate A,Alliance for Progress (AFP),Governance & Ethics,Ignoring public opinion on Governance & Ethics! Candidate A continues to serve special interests rather than ordinary families. @CandidateA,3230,278,Negative
TWT-2026-10225,2026-09-08 01:19:00,@swing_state_view,Candidate A,Alliance for Progress (AFP),Healthcare,Just watched the town hall. Candidate A demonstrated remarkable grasp of Healthcare. They have my full support! #VoterChoice,3584,242,Positive
TWT-2026-10226,2026-09-14 00:10:00,@citizen_journal,Candidate C,Reform & Integrity Party (RIP),National Security,My opinion: Disagree completely with @CandidateC's authoritarian approach to public education and local governance.,1468,497,Negative
TWT-2026-10227,2026-09-17 08:46:00,@political_insider,Candidate B,National Democratic Union (NDU),Governance & Ethics,My opinion: Total trainwreck of an interview from @CandidateB. Avoided every tough question about campaign financing.,6444,1069,Negative
TWT-2026-10228,2026-09-06 20:04:00,@citizen_journal,Candidate A,Alliance for Progress (AFP),Education,Weak stance on national defense and border security from Candidate A. Compromising our national safety is non-negotiable!,2258,269,Negative
TWT-2026-10229,2026-08-11 11:10:00,@grassroots_talk,Candidate B,National Democratic Union (NDU),Governance & Ethics,Youth employment initiatives by Candidate B are groundbreaking. Giving the next generation real opportunities! @CandidateB #YouthVote,479,1028,Positive
TWT-2026-10230,2026-08-01 01:54:00,@voter_voice,Candidate A,Alliance for Progress (AFP),Governance & Ethics,Take note: The latest policy paper from Candidate A reads like a wish list with no real budget arithmetic.,5951,480,Negative
TWT-2026-10231,2026-08-12 01:35:00,@insight_politics,Candidate A,Alliance for Progress (AFP),Economy & Jobs,Loving Candidate A's honest take on Economy & Jobs. Real solutions rather than empty slogans.,3006,789,Positive
TWT-2026-10232,2026-08-18 02:36:00,@voter_chronicle,Candidate C,Reform & Integrity Party (RIP),National Security,FYI: Weak stance on national defense and border security from Candidate C. Compromising our national safety is non-negotiable!,1869,1326,Negative
TWT-2026-10233,2026-08-03 12:04:00,@election_daily,Candidate A,Alliance for Progress (AFP),Governance & Ethics,Take note: Televised townhall recap: Comparing speaking times of Candidate A and opponents across 5 policy segments.,933,28,Neutral
TWT-2026-10234,2026-08-19 18:50:00,@apex_analyst,Candidate B,National Democratic Union (NDU),Education,My opinion: Ignoring public opinion on Education! Candidate B continues to serve special interests rather than ordinary families. @CandidateB,737,1878,Negative
TWT-2026-10235,2026-09-01 06:46:00,@econ_observer,Candidate C,Reform & Integrity Party (RIP),Governance & Ethics,Live coverage: Press conference by Candidate C answering questions regarding recent bipartisan committee findings on Governance & Ethics.,485,190,Neutral
TWT-2026-10236,2026-09-10 22:56:00,@voter_voice,Candidate A,Alliance for Progress (AFP),Healthcare,FYI: Deeply disappointed by Candidate A's vague answers on Healthcare. Zero concrete plans to tackle the crisis! @CandidateA #DebateFail,3389,105,Negative
TWT-2026-10237,2026-08-16 13:31:00,@policy_watch,Candidate B,National Democratic Union (NDU),Economy & Jobs,Take note: The latest policy paper from Candidate B reads like a wish list with no real budget arithmetic.,3112,1267,Negative
TWT-2026-10238,2026-09-27 16:26:00,@insight_politics,Candidate A,Alliance for Progress (AFP),National Security,Polling stations will open at 7:00 AM on election day. Early mail-in voting starts next Monday across all counties. #ElectionGuide,105,24,Neutral
TWT-2026-10239,2026-09-10 12:04:00,@public_affairs_hub,Candidate B,National Democratic Union (NDU),Infrastructure & Green Energy,My opinion: A refreshing speech on democratic renewal and ethics from Candidate B. Count me in!,720,1194,Positive
TWT-2026-10240,2026-09-24 10:59:00,@pulse_of_nation,Candidate C,Reform & Integrity Party (RIP),Economy & Jobs,FYI: Weak stance on national defense and border security from Candidate C. Compromising our national safety is non-negotiable!,5456,543,Negative
TWT-2026-10241,2026-08-05 06:08:00,@national_digest,Candidate C,Reform & Integrity Party (RIP),National Security,Strong leadership shown by Candidate C during the national crisis. Integrity and compassion in action! #TrueLeader,2630,932,Positive
TWT-2026-10242,2026-08-21 13:07:00,@econ_observer,Candidate C,Reform & Integrity Party (RIP),Economy & Jobs,The proposed cuts to Economy & Jobs by Candidate C will devastate rural communities. Completely unacceptable! @CandidateC #VoterDiscontent,895,681,Negative
TWT-2026-10243,2026-08-08 02:10:00,@swing_state_view,Candidate B,National Democratic Union (NDU),Healthcare,The tax burden on small businesses under Candidate B's scheme would shut down thousands of local enterprises! #SaveSmallBiz,2555,1905,Negative
TWT-2026-10244,2026-08-10 02:45:00,@democratic_forum,Candidate B,National Democratic Union (NDU),National Security,FYI: Very poor response from Candidate B regarding the corruption allegations. Silence speaks volumes.,4972,173,Negative
TWT-2026-10245,2026-08-12 00:25:00,@election_daily,Candidate B,National Democratic Union (NDU),Infrastructure & Green Energy,Total trainwreck of an interview from @CandidateB. Avoided every tough question about campaign financing.,431,1232,Negative
TWT-2026-10246,2026-09-21 04:07:00,@voter_voice,Candidate C,Reform & Integrity Party (RIP),National Security,Round 2 of bipartisan town hall discussions scheduled for next Wednesday at 6 PM. Moderated by civic forum.,265,50,Neutral
TWT-2026-10247,2026-09-10 20:05:00,@public_affairs_hub,Candidate A,Alliance for Progress (AFP),Healthcare,The proposed cuts to Healthcare by Candidate A will devastate rural communities. Completely unacceptable! @CandidateA #VoterDiscontent,1653,1648,Negative
TWT-2026-10248,2026-09-21 04:05:00,@liberty_lens,Candidate C,Reform & Integrity Party (RIP),Education,Just in: How can anyone trust Candidate C on Education when their voting record shows the exact opposite for the past decade? #Hypocrisy,208,272,Negative
TWT-2026-10249,2026-08-28 23:25:00,@citizen_journal,Candidate A,Alliance for Progress (AFP),Economy & Jobs,Ethical governance and complete anti-corruption measures! Exactly why Candidate A deserves to lead this nation! #CleanPolitics,439,349,Positive
TWT-2026-10250,2026-09-28 05:17:00,@grassroots_talk,Candidate A,Alliance for Progress (AFP),Infrastructure & Green Energy,Best candidate in the race by far. @CandidateA understands our economic challenges.,3520,358,Positive
TWT-2026-10251,2026-09-01 13:56:00,@econ_observer,Candidate B,National Democratic Union (NDU),Healthcare,Candidate B's latest proposal will drive inflation even higher. Irresponsible spending without any fiscal discipline! #EconomicWarning,5060,1014,Negative
TWT-2026-10252,2026-09-11 16:15:00,@urban_voter,Candidate B,National Democratic Union (NDU),Economy & Jobs,My opinion: How can anyone trust Candidate B on Economy & Jobs when their voting record shows the exact opposite for the past decade? #Hypocrisy,2321,1576,Negative
TWT-2026-10253,2026-09-20 15:22:00,@public_affairs_hub,Candidate C,Reform & Integrity Party (RIP),Economy & Jobs,Fact-checking the claims made during yesterday's round-table discussion on Economy & Jobs and public expenditure. #FactCheck,810,185,Neutral
TWT-2026-10254,2026-08-15 00:57:00,@national_digest,Candidate C,Reform & Integrity Party (RIP),Education,Take note: Listening to the concerns of ordinary citizens! Candidate C spent hours at the community center answering tough questions on Education.,2240,373,Positive
TWT-2026-10255,2026-08-15 05:06:00,@democratic_forum,Candidate B,National Democratic Union (NDU),Economy & Jobs,I cannot believe people are falling for Candidate B's false narratives on Economy & Jobs. Do your research!,4367,1472,Negative
TWT-2026-10256,2026-09-17 01:48:00,@democratic_forum,Candidate C,Reform & Integrity Party (RIP),Healthcare,Historic infrastructure bill proposed by Candidate C. Investing in high-speed rail and renewable grid is visionary! #GreenFuture,4396,1676,Positive
TWT-2026-10257,2026-08-21 23:44:00,@voter_chronicle,Candidate C,Reform & Integrity Party (RIP),Infrastructure & Green Energy,Take note: Campaign schedule: Candidate C is scheduled to visit three regional manufacturing hubs tomorrow to discuss trade tariffs. @CandidateC,869,90,Neutral
TWT-2026-10258,2026-09-06 04:36:00,@campaign_beat,Candidate C,Reform & Integrity Party (RIP),Economy & Jobs,Very poor response from Candidate C regarding the corruption allegations. Silence speaks volumes.,5768,1448,Negative
TWT-2026-10259,2026-08-15 19:14:00,@voter_voice,Candidate B,National Democratic Union (NDU),Governance & Ethics,"Honestly, Statistical breakdown: Comparing historical voter turnout trends with early voting statistics in key swing districts. #ElectionMetrics",189,253,Neutral
TWT-2026-10260,2026-08-22 22:11:00,@liberty_lens,Candidate C,Reform & Integrity Party (RIP),Infrastructure & Green Energy,My opinion: Candidate C delivered an outstanding speech on Infrastructure & Green Energy today! Truly inspiring vision for our future. #Election2026 #Leadership,2742,1262,Positive
TWT-2026-10261,2026-09-24 16:55:00,@voter_chronicle,Candidate A,Alliance for Progress (AFP),Economy & Jobs,Voter registration deadline is in two weeks. Check your polling precinct and local ballot measures online. #VoterInfo #Democracy,610,74,Neutral
TWT-2026-10262,2026-08-22 09:20:00,@metro_citizen,Candidate A,Alliance for Progress (AFP),Education,"Clear vision, dignity, and practical execution. Rooting for Candidate A in the upcoming vote!",5449,815,Positive
TWT-2026-10263,2026-08-12 22:35:00,@insight_politics,Candidate A,Alliance for Progress (AFP),National Security,Weak stance on national defense and border security from Candidate A. Compromising our national safety is non-negotiable!,6516,2003,Negative
TWT-2026-10264,2026-09-16 22:18:00,@metro_citizen,Candidate C,Reform & Integrity Party (RIP),Education,"Terrible debate showing for Candidate C. Aggressive, defensive, and lacking any coherent policy vision on Education. #DebateLoss",5482,726,Negative
TWT-2026-10265,2026-09-19 18:02:00,@daily_elector,Candidate A,Alliance for Progress (AFP),National Security,Candidate A delivered an outstanding speech on National Security today! Truly inspiring vision for our future. #Election2026 #Leadership,5775,1178,Positive
TWT-2026-10266,2026-09-29 15:09:00,@liberty_lens,Candidate C,Reform & Integrity Party (RIP),Education,Very optimistic after hearing Candidate C's interview. Sensible policies on Education for all families.,1834,1314,Positive
TWT-2026-10267,2026-09-22 22:42:00,@urban_voter,Candidate C,Reform & Integrity Party (RIP),Economy & Jobs,"Honestly, Terrible debate showing for Candidate C. Aggressive, defensive, and lacking any coherent policy vision on Economy & Jobs. #DebateLoss",2871,1316,Negative
TWT-2026-10268,2026-08-23 08:50:00,@political_insider,Candidate C,Reform & Integrity Party (RIP),Education,"Honestly, The tax burden on small businesses under Candidate C's scheme would shut down thousands of local enterprises! #SaveSmallBiz",123,1094,Negative
TWT-2026-10269,2026-08-11 13:31:00,@pulse_of_nation,Candidate C,Reform & Integrity Party (RIP),Economy & Jobs,New voter survey released today shows Candidate C holding a 48% approval rating among independent voters. #PollTracker #Data,405,226,Neutral
TWT-2026-10270,2026-09-06 20:48:00,@swing_state_view,Candidate B,National Democratic Union (NDU),Governance & Ethics,Severe mismanagement in previous terms makes Candidate B unfit to oversee national Governance & Ethics. #NoConfidence,860,1971,Negative
TWT-2026-10271,2026-08-21 08:06:00,@civic_pulse,Candidate A,Alliance for Progress (AFP),Healthcare,The tax burden on small businesses under Candidate A's scheme would shut down thousands of local enterprises! #SaveSmallBiz,633,144,Negative
TWT-2026-10272,2026-08-22 19:39:00,@citizen_journal,Candidate B,National Democratic Union (NDU),Healthcare,"Honestly, Listening to the concerns of ordinary citizens! Candidate B spent hours at the community center answering tough questions on Healthcare.",1343,1504,Positive
TWT-2026-10273,2026-08-28 05:03:00,@political_insider,Candidate C,Reform & Integrity Party (RIP),Economy & Jobs,Voter sentiment survey across 10 battleground districts shows a statistical dead heat between Candidate C and opponents. #Polls,679,86,Neutral
TWT-2026-10274,2026-08-20 07:06:00,@policy_watch,Candidate B,National Democratic Union (NDU),Healthcare,Watching Candidate B dodge straightforward questions on Healthcare was painful. Lack of transparency is alarming! #AccountabilityNow,3382,1094,Negative
TWT-2026-10275,2026-08-28 02:18:00,@swing_state_view,Candidate B,National Democratic Union (NDU),Governance & Ethics,"Honestly, Solid arguments from @CandidateB tonight. The plan for Governance & Ethics is well thought out and realistic.",4046,319,Positive
TWT-2026-10276,2026-09-10 09:05:00,@citizen_journal,Candidate C,Reform & Integrity Party (RIP),Governance & Ethics,My opinion: I cannot believe people are falling for Candidate C's false narratives on Governance & Ethics. Do your research!,1665,405,Negative
TWT-2026-10277,2026-08-17 02:41:00,@econ_observer,Candidate A,Alliance for Progress (AFP),Education,Severe mismanagement in previous terms makes Candidate A unfit to oversee national Education. #NoConfidence,3887,2011,Negative
TWT-2026-10278,2026-08-17 14:29:00,@grassroots_talk,Candidate B,National Democratic Union (NDU),Healthcare,"Honestly, Youth employment initiatives by Candidate B are groundbreaking. Giving the next generation real opportunities! @CandidateB #YouthVote",3149,761,Positive
TWT-2026-10279,2026-09-12 03:05:00,@swing_state_view,Candidate A,Alliance for Progress (AFP),Education,Inspiring words from Candidate A at the community rally. Let's make this win happen!,529,314,Positive
TWT-2026-10280,2026-09-23 12:52:00,@truth_seeker_99,Candidate B,National Democratic Union (NDU),Governance & Ethics,Weak stance on national defense and border security from Candidate B. Compromising our national safety is non-negotiable!,6226,939,Negative
TWT-2026-10281,2026-08-16 15:19:00,@civic_pulse,Candidate B,National Democratic Union (NDU),Governance & Ethics,Televised townhall recap: Comparing speaking times of Candidate B and opponents across 5 policy segments.,897,245,Neutral
TWT-2026-10282,2026-09-21 18:43:00,@civic_sentinel,Candidate B,National Democratic Union (NDU),National Security,Impressive economic plan presented by Candidate B! Lower inflation and 500k new green jobs is exactly what we need. @CandidateB #Growth,4138,1174,Positive
TWT-2026-10283,2026-09-21 06:08:00,@policy_watch,Candidate A,Alliance for Progress (AFP),Economy & Jobs,The tax burden on small businesses under Candidate A's scheme would shut down thousands of local enterprises! #SaveSmallBiz,1446,692,Negative
TWT-2026-10284,2026-09-10 04:53:00,@civic_sentinel,Candidate B,National Democratic Union (NDU),Economy & Jobs,The latest policy paper from Candidate B reads like a wish list with no real budget arithmetic.,3596,835,Negative
TWT-2026-10285,2026-08-26 17:20:00,@grassroots_talk,Candidate B,National Democratic Union (NDU),Education,Take note: Disagree completely with @CandidateB's authoritarian approach to public education and local governance.,6643,282,Negative
TWT-2026-10286,2026-08-10 18:37:00,@public_affairs_hub,Candidate C,Reform & Integrity Party (RIP),Infrastructure & Green Energy,My opinion: Deeply disappointed by Candidate C's vague answers on Infrastructure & Green Energy. Zero concrete plans to tackle the crisis! @CandidateC #DebateFail,6473,1726,Negative
TWT-2026-10287,2026-09-04 11:56:00,@state_observer,Candidate A,Alliance for Progress (AFP),Economy & Jobs,Inspiring words from Candidate A at the community rally. Let's make this win happen!,852,1614,Positive
TWT-2026-10288,2026-08-26 04:39:00,@civic_sentinel,Candidate B,National Democratic Union (NDU),Infrastructure & Green Energy,"FYI: Wasteful spending, no fiscal restraint, and reckless slogans from @CandidateB. Hard pass!",4007,1945,Negative
TWT-2026-10289,2026-08-22 22:15:00,@policy_watch,Candidate C,Reform & Integrity Party (RIP),National Security,Fact-checking the claims made during yesterday's round-table discussion on National Security and public expenditure. #FactCheck,49,204,Neutral
TWT-2026-10290,2026-09-20 09:19:00,@grassroots_talk,Candidate C,Reform & Integrity Party (RIP),Infrastructure & Green Energy,Historic infrastructure bill proposed by Candidate C. Investing in high-speed rail and renewable grid is visionary! #GreenFuture,3076,46,Positive
TWT-2026-10291,2026-09-19 10:17:00,@voter_forum,Candidate B,National Democratic Union (NDU),National Security,Just in: Televised townhall recap: Comparing speaking times of Candidate B and opponents across 5 policy segments.,110,118,Neutral
TWT-2026-10292,2026-09-28 13:47:00,@citizen_journal,Candidate B,National Democratic Union (NDU),Governance & Ethics,Kudos to Candidate B for addressing rural healthcare and small businesses head on!,756,389,Positive
TWT-2026-10293,2026-09-15 16:25:00,@metro_citizen,Candidate C,Reform & Integrity Party (RIP),Education,FYI: Impressive economic plan presented by Candidate C! Lower inflation and 500k new green jobs is exactly what we need. @CandidateC #Growth,4246,1625,Positive
TWT-2026-10294,2026-08-13 01:15:00,@policy_watch,Candidate C,Reform & Integrity Party (RIP),Governance & Ethics,Deeply disappointed by Candidate C's vague answers on Governance & Ethics. Zero concrete plans to tackle the crisis! @CandidateC #DebateFail,1453,797,Negative
TWT-2026-10295,2026-09-22 14:32:00,@pulse_of_nation,Candidate B,National Democratic Union (NDU),Economy & Jobs,Youth employment initiatives by Candidate B are groundbreaking. Giving the next generation real opportunities! @CandidateB #YouthVote,5797,412,Positive
TWT-2026-10296,2026-09-08 14:11:00,@citizen_journal,Candidate C,Reform & Integrity Party (RIP),Economy & Jobs,Best candidate in the race by far. @CandidateC understands our economic challenges.,275,500,Positive
TWT-2026-10297,2026-08-17 23:53:00,@insight_politics,Candidate C,Reform & Integrity Party (RIP),Governance & Ethics,Campaign schedule: Candidate C is scheduled to visit three regional manufacturing hubs tomorrow to discuss trade tariffs. @CandidateC,362,85,Neutral
TWT-2026-10298,2026-09-19 06:54:00,@democratic_forum,Candidate A,Alliance for Progress (AFP),Education,Take note: Election Update: Candidate A will hold a policy address on Education this Thursday at 3 PM EST. Coverage streaming live on channel 4. #ElectionUpdate,405,27,Neutral
TWT-2026-10299,2026-09-02 00:55:00,@national_digest,Candidate C,Reform & Integrity Party (RIP),Healthcare,Best candidate in the race by far. @CandidateC understands our economic challenges.,1718,556,Positive
TWT-2026-10300,2026-09-08 00:14:00,@grassroots_talk,Candidate C,Reform & Integrity Party (RIP),Economy & Jobs,The election commission released the final list of polling venues and security protocols for district 4. #ElectionNotice,943,69,Neutral
TWT-2026-10301,2026-08-25 11:29:00,@grassroots_talk,Candidate C,Reform & Integrity Party (RIP),Education,Very poor response from Candidate C regarding the corruption allegations. Silence speaks volumes.,5841,1135,Negative
TWT-2026-10302,2026-08-26 18:06:00,@voter_voice,Candidate A,Alliance for Progress (AFP),Infrastructure & Green Energy,Statistical breakdown: Comparing historical voter turnout trends with early voting statistics in key swing districts. #ElectionMetrics,703,268,Neutral
TWT-2026-10303,2026-08-07 15:04:00,@liberty_lens,Candidate C,Reform & Integrity Party (RIP),National Security,Unrealistic claims from Candidate C! You cannot simultaneously cut revenues and promise massive subsidies in National Security. Pure fantasy!,4629,1165,Negative
TWT-2026-10304,2026-09-30 20:19:00,@campaign_beat,Candidate B,National Democratic Union (NDU),National Security,Strong leadership shown by Candidate B during the national crisis. Integrity and compassion in action! #TrueLeader,2293,539,Positive
TWT-2026-10305,2026-09-13 04:46:00,@voter_voice,Candidate A,Alliance for Progress (AFP),Governance & Ethics,"Terrible debate showing for Candidate A. Aggressive, defensive, and lacking any coherent policy vision on Governance & Ethics. #DebateLoss",495,1663,Negative
TWT-2026-10306,2026-09-17 01:37:00,@insight_politics,Candidate C,Reform & Integrity Party (RIP),Infrastructure & Green Energy,Statistical breakdown: Comparing historical voter turnout trends with early voting statistics in key swing districts. #ElectionMetrics,275,216,Neutral
TWT-2026-10307,2026-09-10 15:58:00,@swing_state_view,Candidate C,Reform & Integrity Party (RIP),Healthcare,The parliamentary committee report on Healthcare was reviewed by Candidate C's advisory team earlier today. #PolicyReport,753,115,Neutral
TWT-2026-10308,2026-09-26 17:11:00,@apex_analyst,Candidate B,National Democratic Union (NDU),Governance & Ethics,Statistical breakdown: Comparing historical voter turnout trends with early voting statistics in key swing districts. #ElectionMetrics,875,89,Neutral
TWT-2026-10309,2026-09-05 05:43:00,@liberty_lens,Candidate A,Alliance for Progress (AFP),Infrastructure & Green Energy,Finally a leader who prioritizes Infrastructure & Green Energy. Candidate A's proposed reforms will uplift working families across the country! @CandidateA,6094,534,Positive
TWT-2026-10310,2026-08-20 13:50:00,@liberty_lens,Candidate C,Reform & Integrity Party (RIP),Economy & Jobs,Live coverage: Press conference by Candidate C answering questions regarding recent bipartisan committee findings on Economy & Jobs.,373,116,Neutral
TWT-2026-10311,2026-08-31 01:55:00,@urban_voter,Candidate B,National Democratic Union (NDU),Education,Inspiring words from Candidate B at the community rally. Let's make this win happen!,2433,954,Positive
TWT-2026-10312,2026-09-02 03:55:00,@swing_state_view,Candidate C,Reform & Integrity Party (RIP),Governance & Ethics,Very optimistic after hearing Candidate C's interview. Sensible policies on Governance & Ethics for all families.,608,972,Positive
TWT-2026-10313,2026-08-10 04:12:00,@liberty_lens,Candidate B,National Democratic Union (NDU),Governance & Ethics,Statistical breakdown: Comparing historical voter turnout trends with early voting statistics in key swing districts. #ElectionMetrics,433,29,Neutral
TWT-2026-10314,2026-08-12 02:31:00,@liberty_lens,Candidate B,National Democratic Union (NDU),Governance & Ethics,Official notice: Candidate debate on Governance & Ethics will be broadcast nationwide with simultaneous sign language interpretation. #Debate2026,156,163,Neutral
TWT-2026-10315,2026-08-14 05:36:00,@national_digest,Candidate C,Reform & Integrity Party (RIP),Healthcare,FYI: Strong leadership shown by Candidate C during the national crisis. Integrity and compassion in action! #TrueLeader,5222,123,Positive
TWT-2026-10316,2026-08-26 13:30:00,@pulse_of_nation,Candidate A,Alliance for Progress (AFP),Infrastructure & Green Energy,How can anyone trust Candidate A on Infrastructure & Green Energy when their voting record shows the exact opposite for the past decade? #Hypocrisy,1090,1784,Negative
TWT-2026-10317,2026-08-01 10:48:00,@truth_seeker_99,Candidate A,Alliance for Progress (AFP),Economy & Jobs,Solid arguments from @CandidateA tonight. The plan for Economy & Jobs is well thought out and realistic.,1658,1501,Positive
TWT-2026-10318,2026-08-20 04:06:00,@pulse_of_nation,Candidate A,Alliance for Progress (AFP),Economy & Jobs,FYI: Televised townhall recap: Comparing speaking times of Candidate A and opponents across 5 policy segments.,14,129,Neutral
TWT-2026-10319,2026-08-20 09:29:00,@voter_forum,Candidate C,Reform & Integrity Party (RIP),Governance & Ethics,Rising unemployment numbers prove Candidate C's economic strategy has failed miserably. Time for a change of direction! #JobsCrisis,1398,275,Negative
TWT-2026-10320,2026-08-09 10:57:00,@citizen_journal,Candidate C,Reform & Integrity Party (RIP),Governance & Ethics,Total trainwreck of an interview from @CandidateC. Avoided every tough question about campaign financing.,2797,1784,Negative
TWT-2026-10321,2026-08-14 23:01:00,@public_affairs_hub,Candidate B,National Democratic Union (NDU),Healthcare,"My opinion: The debate performance of Candidate B was calm, articulate, and completely decisive on Healthcare. Outstanding! #DebateWinner",3329,44,Positive
TWT-2026-10322,2026-08-03 12:56:00,@urban_voter,Candidate C,Reform & Integrity Party (RIP),Healthcare,Huge turnout at the Candidate C rally today! The energy is electric and the momentum is unstoppable! #Election2026,3028,1461,Positive
TWT-2026-10323,2026-09-12 03:41:00,@voter_voice,Candidate B,National Democratic Union (NDU),Governance & Ethics,Ballot counting procedures and independent audit committee verification guidelines published this morning.,59,306,Neutral
TWT-2026-10324,2026-09-05 08:30:00,@insight_politics,Candidate A,Alliance for Progress (AFP),National Security,Major blunders in today's press conference by Candidate A. Completely out of touch with the struggles of working people! #Election2026,3444,1827,Negative
TWT-2026-10325,2026-09-12 03:42:00,@truth_seeker_99,Candidate A,Alliance for Progress (AFP),Healthcare,"Just in: Clear vision, dignity, and practical execution. Rooting for Candidate A in the upcoming vote!",5642,1295,Positive
TWT-2026-10326,2026-09-27 03:32:00,@voter_forum,Candidate B,National Democratic Union (NDU),Governance & Ethics,Shocking lack of empathy from Candidate B today. Clearly disconnected from ordinary realities.,5770,569,Negative
TWT-2026-10327,2026-09-08 06:49:00,@grassroots_talk,Candidate C,Reform & Integrity Party (RIP),Economy & Jobs,"My opinion: I was undecided until I read Candidate C's policy paper on Economy & Jobs. Transparent, pragmatic, and data-driven! #SmartGovernance",958,1612,Positive
TWT-2026-10328,2026-08-03 17:31:00,@campaign_beat,Candidate C,Reform & Integrity Party (RIP),Healthcare,Campaign schedule: Candidate C is scheduled to visit three regional manufacturing hubs tomorrow to discuss trade tariffs. @CandidateC,730,211,Neutral
TWT-2026-10329,2026-09-28 03:53:00,@public_affairs_hub,Candidate C,Reform & Integrity Party (RIP),Infrastructure & Green Energy,"Honestly, Ignoring public opinion on Infrastructure & Green Energy! Candidate C continues to serve special interests rather than ordinary families. @CandidateC",1951,19,Negative
TWT-2026-10330,2026-08-07 08:41:00,@democratic_forum,Candidate C,Reform & Integrity Party (RIP),Infrastructure & Green Energy,The proposed cuts to Infrastructure & Green Energy by Candidate C will devastate rural communities. Completely unacceptable! @CandidateC #VoterDiscontent,767,315,Negative
TWT-2026-10331,2026-09-25 01:54:00,@apex_analyst,Candidate B,National Democratic Union (NDU),Education,My opinion: Candidate B's track record on corruption and ethical conduct is deeply concerning. Voters deserve better! #EthicsMatter,3833,213,Negative
TWT-2026-10332,2026-08-01 04:42:00,@urban_voter,Candidate B,National Democratic Union (NDU),National Security,"Honestly, Ignoring public opinion on National Security! Candidate B continues to serve special interests rather than ordinary families. @CandidateB",3519,482,Negative
TWT-2026-10333,2026-08-06 11:52:00,@liberty_lens,Candidate A,Alliance for Progress (AFP),Education,Unrealistic claims from Candidate A! You cannot simultaneously cut revenues and promise massive subsidies in Education. Pure fantasy!,3615,1106,Negative
TWT-2026-10334,2026-08-25 22:54:00,@citizen_journal,Candidate A,Alliance for Progress (AFP),Economy & Jobs,Listening to the concerns of ordinary citizens! Candidate A spent hours at the community center answering tough questions on Economy & Jobs.,3303,939,Positive
TWT-2026-10335,2026-08-04 05:06:00,@state_observer,Candidate B,National Democratic Union (NDU),National Security,"Another empty campaign promise from Candidate B. Talk is cheap, but where is the actual funding for National Security? #BrokenPromises",956,550,Negative
TWT-2026-10336,2026-09-19 11:39:00,@voter_voice,Candidate C,Reform & Integrity Party (RIP),Infrastructure & Green Energy,Just in: Reviewing the key legislative bills co-sponsored by Candidate C between 2022 and 2025 regarding Infrastructure & Green Energy.,704,226,Neutral
TWT-2026-10337,2026-08-29 01:04:00,@grassroots_talk,Candidate C,Reform & Integrity Party (RIP),National Security,Just in: The proposed cuts to National Security by Candidate C will devastate rural communities. Completely unacceptable! @CandidateC #VoterDiscontent,3987,2007,Negative
TWT-2026-10338,2026-09-06 23:36:00,@democratic_forum,Candidate C,Reform & Integrity Party (RIP),Education,Election Update: Candidate C will hold a policy address on Education this Thursday at 3 PM EST. Coverage streaming live on channel 4. #ElectionUpdate,731,270,Neutral
TWT-2026-10339,2026-08-31 11:42:00,@swing_state_view,Candidate C,Reform & Integrity Party (RIP),Education,My opinion: Summary of candidate remarks regarding agricultural subsidies and regional irrigation projects. #AgriNews,545,318,Neutral
TWT-2026-10340,2026-09-02 15:54:00,@citizen_journal,Candidate C,Reform & Integrity Party (RIP),Infrastructure & Green Energy,My opinion: The proposed cuts to Infrastructure & Green Energy by Candidate C will devastate rural communities. Completely unacceptable! @CandidateC #VoterDiscontent,6800,231,Negative
TWT-2026-10341,2026-08-18 01:32:00,@democratic_forum,Candidate A,Alliance for Progress (AFP),Economy & Jobs,The election commission released the final list of polling venues and security protocols for district 4. #ElectionNotice,338,125,Neutral
TWT-2026-10342,2026-09-21 18:28:00,@civic_pulse,Candidate C,Reform & Integrity Party (RIP),National Security,Just in: Severe mismanagement in previous terms makes Candidate C unfit to oversee national National Security. #NoConfidence,3333,970,Negative
TWT-2026-10343,2026-08-02 03:25:00,@state_observer,Candidate B,National Democratic Union (NDU),Infrastructure & Green Energy,Strong leadership shown by Candidate B during the national crisis. Integrity and compassion in action! #TrueLeader,997,1023,Positive
TWT-2026-10344,2026-09-09 20:19:00,@truth_seeker_99,Candidate A,Alliance for Progress (AFP),Governance & Ethics,Take note: Solid arguments from @CandidateA tonight. The plan for Governance & Ethics is well thought out and realistic.,26,1696,Positive
TWT-2026-10345,2026-08-24 01:52:00,@democratic_forum,Candidate C,Reform & Integrity Party (RIP),Healthcare,Kudos to Candidate C for addressing rural healthcare and small businesses head on!,5525,939,Positive
TWT-2026-10346,2026-08-24 22:28:00,@political_insider,Candidate B,National Democratic Union (NDU),Education,Cost of living is through the roof and Candidate B offers zero practical solutions. What a joke.,6316,1945,Negative
TWT-2026-10347,2026-09-10 09:35:00,@truth_seeker_99,Candidate A,Alliance for Progress (AFP),National Security,Live coverage: Press conference by Candidate A answering questions regarding recent bipartisan committee findings on National Security.,12,176,Neutral
TWT-2026-10348,2026-09-22 22:47:00,@voter_forum,Candidate B,National Democratic Union (NDU),National Security,Huge turnout at the Candidate B rally today! The energy is electric and the momentum is unstoppable! #Election2026,400,341,Positive
TWT-2026-10349,2026-08-14 14:52:00,@campaign_beat,Candidate B,National Democratic Union (NDU),Economy & Jobs,Just in: Candidate B's track record on corruption and ethical conduct is deeply concerning. Voters deserve better! #EthicsMatter,5034,810,Negative
TWT-2026-10350,2026-08-08 14:29:00,@swing_state_view,Candidate C,Reform & Integrity Party (RIP),Education,Take note: Major blunders in today's press conference by Candidate C. Completely out of touch with the struggles of working people! #Election2026,6232,1705,Negative
TWT-2026-10351,2026-08-04 17:59:00,@state_observer,Candidate C,Reform & Integrity Party (RIP),Governance & Ethics,The proposed cuts to Governance & Ethics by Candidate C will devastate rural communities. Completely unacceptable! @CandidateC #VoterDiscontent,4116,25,Negative
TWT-2026-10352,2026-08-12 23:52:00,@metro_citizen,Candidate C,Reform & Integrity Party (RIP),Infrastructure & Green Energy,Summary of candidate remarks regarding agricultural subsidies and regional irrigation projects. #AgriNews,809,92,Neutral
TWT-2026-10353,2026-09-02 12:26:00,@civic_sentinel,Candidate A,Alliance for Progress (AFP),Infrastructure & Green Energy,Televised townhall recap: Comparing speaking times of Candidate A and opponents across 5 policy segments.,624,312,Neutral
TWT-2026-10354,2026-08-29 04:08:00,@state_observer,Candidate C,Reform & Integrity Party (RIP),Healthcare,Candidate C's track record on corruption and ethical conduct is deeply concerning. Voters deserve better! #EthicsMatter,3289,1412,Negative
TWT-2026-10355,2026-09-05 10:45:00,@voter_forum,Candidate C,Reform & Integrity Party (RIP),National Security,A refreshing speech on democratic renewal and ethics from Candidate C. Count me in!,4221,617,Positive
TWT-2026-10356,2026-08-19 21:22:00,@swing_state_view,Candidate C,Reform & Integrity Party (RIP),National Security,Watching Candidate C dodge straightforward questions on National Security was painful. Lack of transparency is alarming! #AccountabilityNow,1675,866,Negative
TWT-2026-10357,2026-09-10 10:45:00,@political_insider,Candidate A,Alliance for Progress (AFP),National Security,"Wasteful spending, no fiscal restraint, and reckless slogans from @CandidateA. Hard pass!",1486,2071,Negative
TWT-2026-10358,2026-09-15 13:43:00,@voter_forum,Candidate B,National Democratic Union (NDU),Governance & Ethics,The election commission released the final list of polling venues and security protocols for district 4. #ElectionNotice,606,294,Neutral
TWT-2026-10359,2026-08-02 12:09:00,@policy_watch,Candidate C,Reform & Integrity Party (RIP),Education,Voter sentiment survey across 10 battleground districts shows a statistical dead heat between Candidate C and opponents. #Polls,837,8,Neutral
TWT-2026-10360,2026-09-13 08:09:00,@policy_watch,Candidate C,Reform & Integrity Party (RIP),Economy & Jobs,Candidate C met with university faculty representatives to discuss federal grants for scientific research and Economy & Jobs. #EducationNews,283,84,Neutral
TWT-2026-10361,2026-08-29 03:39:00,@swing_state_view,Candidate C,Reform & Integrity Party (RIP),Education,Watching Candidate C dodge straightforward questions on Education was painful. Lack of transparency is alarming! #AccountabilityNow,6203,140,Negative
TWT-2026-10362,2026-08-16 16:50:00,@insight_politics,Candidate C,Reform & Integrity Party (RIP),Governance & Ethics,Healthcare accessibility for all citizens! Candidate C has consistently fought for medical reforms. Thank you @CandidateC!,6106,1330,Positive
TWT-2026-10363,2026-09-20 21:20:00,@econ_observer,Candidate B,National Democratic Union (NDU),National Security,Best candidate in the race by far. @CandidateB understands our economic challenges.,409,786,Positive
TWT-2026-10364,2026-09-19 14:53:00,@democratic_forum,Candidate A,Alliance for Progress (AFP),Economy & Jobs,Disagree completely with @CandidateA's authoritarian approach to public education and local governance.,2088,839,Negative
TWT-2026-10365,2026-09-04 23:38:00,@campaign_beat,Candidate C,Reform & Integrity Party (RIP),National Security,Very poor response from Candidate C regarding the corruption allegations. Silence speaks volumes.,5335,1514,Negative
TWT-2026-10366,2026-08-05 05:11:00,@voter_forum,Candidate C,Reform & Integrity Party (RIP),Healthcare,Rising unemployment numbers prove Candidate C's economic strategy has failed miserably. Time for a change of direction! #JobsCrisis,3706,734,Negative
TWT-2026-10367,2026-08-17 04:10:00,@public_affairs_hub,Candidate C,Reform & Integrity Party (RIP),Economy & Jobs,Listening to the concerns of ordinary citizens! Candidate C spent hours at the community center answering tough questions on Economy & Jobs.,357,882,Positive
TWT-2026-10368,2026-09-08 01:49:00,@urban_voter,Candidate B,National Democratic Union (NDU),Economy & Jobs,FYI: Ignoring public opinion on Economy & Jobs! Candidate B continues to serve special interests rather than ordinary families. @CandidateB,3850,642,Negative
TWT-2026-10369,2026-08-05 22:20:00,@truth_seeker_99,Candidate C,Reform & Integrity Party (RIP),National Security,Statistical breakdown: Comparing historical voter turnout trends with early voting statistics in key swing districts. #ElectionMetrics,512,295,Neutral
TWT-2026-10370,2026-09-04 12:05:00,@voter_chronicle,Candidate A,Alliance for Progress (AFP),Healthcare,Take note: Total trainwreck of an interview from @CandidateA. Avoided every tough question about campaign financing.,588,2077,Negative
TWT-2026-10371,2026-08-14 19:33:00,@citizen_journal,Candidate A,Alliance for Progress (AFP),Healthcare,Best candidate in the race by far. @CandidateA understands our economic challenges.,2743,683,Positive
TWT-2026-10372,2026-09-27 20:39:00,@civic_sentinel,Candidate C,Reform & Integrity Party (RIP),National Security,Deeply disappointed by Candidate C's vague answers on National Security. Zero concrete plans to tackle the crisis! @CandidateC #DebateFail,969,1425,Negative
TWT-2026-10373,2026-09-20 03:24:00,@grassroots_talk,Candidate A,Alliance for Progress (AFP),Economy & Jobs,Televised townhall recap: Comparing speaking times of Candidate A and opponents across 5 policy segments.,916,166,Neutral
TWT-2026-10374,2026-09-02 14:31:00,@policy_watch,Candidate C,Reform & Integrity Party (RIP),National Security,Rising unemployment numbers prove Candidate C's economic strategy has failed miserably. Time for a change of direction! #JobsCrisis,232,1543,Negative
TWT-2026-10375,2026-08-11 17:34:00,@voter_voice,Candidate B,National Democratic Union (NDU),National Security,"Honestly, Candidate B met with university faculty representatives to discuss federal grants for scientific research and National Security. #EducationNews",338,265,Neutral
TWT-2026-10376,2026-08-28 03:13:00,@econ_observer,Candidate C,Reform & Integrity Party (RIP),Economy & Jobs,Candidate C met with university faculty representatives to discuss federal grants for scientific research and Economy & Jobs. #EducationNews,696,111,Neutral
TWT-2026-10377,2026-08-10 00:29:00,@insight_politics,Candidate C,Reform & Integrity Party (RIP),National Security,Voter sentiment survey across 10 battleground districts shows a statistical dead heat between Candidate C and opponents. #Polls,672,38,Neutral
TWT-2026-10378,2026-09-05 02:36:00,@democratic_forum,Candidate B,National Democratic Union (NDU),Economy & Jobs,FYI: Just watched the town hall. Candidate B demonstrated remarkable grasp of Economy & Jobs. They have my full support! #VoterChoice,625,116,Positive
TWT-2026-10379,2026-08-02 12:43:00,@political_insider,Candidate B,National Democratic Union (NDU),Infrastructure & Green Energy,Severe mismanagement in previous terms makes Candidate B unfit to oversee national Infrastructure & Green Energy. #NoConfidence,3725,1664,Negative
TWT-2026-10380,2026-08-03 22:54:00,@civic_pulse,Candidate C,Reform & Integrity Party (RIP),Economy & Jobs,Take note: Kudos to Candidate C for addressing rural healthcare and small businesses head on!,5925,1271,Positive
TWT-2026-10381,2026-08-19 14:24:00,@pulse_of_nation,Candidate B,National Democratic Union (NDU),Governance & Ethics,Candidate B submitted the official campaign expenditure statement to the election commission yesterday afternoon. @CandidateB,306,156,Neutral
TWT-2026-10382,2026-09-20 17:18:00,@urban_voter,Candidate C,Reform & Integrity Party (RIP),Economy & Jobs,Just in: The election commission released the final list of polling venues and security protocols for district 4. #ElectionNotice,170,275,Neutral
TWT-2026-10383,2026-09-30 00:35:00,@econ_observer,Candidate A,Alliance for Progress (AFP),Education,Best candidate in the race by far. @CandidateA understands our economic challenges.,5999,1331,Positive
TWT-2026-10384,2026-09-04 17:05:00,@apex_analyst,Candidate A,Alliance for Progress (AFP),Economy & Jobs,New voter survey released today shows Candidate A holding a 48% approval rating among independent voters. #PollTracker #Data,15,295,Neutral
TWT-2026-10385,2026-08-10 05:11:00,@democratic_forum,Candidate A,Alliance for Progress (AFP),National Security,Take note: Disagree completely with @CandidateA's authoritarian approach to public education and local governance.,5976,1416,Negative
TWT-2026-10386,2026-09-06 01:54:00,@national_digest,Candidate C,Reform & Integrity Party (RIP),Education,"Proud to endorse Candidate C! A visionary roadmap for technology innovation, education, and social welfare. #ForwardTogether",963,376,Positive
TWT-2026-10387,2026-08-05 08:06:00,@campaign_beat,Candidate C,Reform & Integrity Party (RIP),Infrastructure & Green Energy,"Wasteful spending, no fiscal restraint, and reckless slogans from @CandidateC. Hard pass!",4532,307,Negative
TWT-2026-10388,2026-08-07 09:39:00,@civic_pulse,Candidate C,Reform & Integrity Party (RIP),Governance & Ethics,My opinion: The election commission released the final list of polling venues and security protocols for district 4. #ElectionNotice,348,184,Neutral
TWT-2026-10389,2026-08-20 22:37:00,@metro_citizen,Candidate A,Alliance for Progress (AFP),Education,I cannot believe people are falling for Candidate A's false narratives on Education. Do your research!,3721,1352,Negative
TWT-2026-10390,2026-08-11 00:20:00,@democratic_forum,Candidate C,Reform & Integrity Party (RIP),Governance & Ethics,Campaign schedule: Candidate C is scheduled to visit three regional manufacturing hubs tomorrow to discuss trade tariffs. @CandidateC,837,163,Neutral
TWT-2026-10391,2026-08-24 04:43:00,@voter_forum,Candidate A,Alliance for Progress (AFP),National Security,Registration guidelines for overseas citizen voting and mail-in ballot dispatch timelines posted on official portal.,666,225,Neutral
TWT-2026-10392,2026-09-01 17:06:00,@daily_elector,Candidate B,National Democratic Union (NDU),Infrastructure & Green Energy,Ethical governance and complete anti-corruption measures! Exactly why Candidate B deserves to lead this nation! #CleanPolitics,3673,739,Positive
TWT-2026-10393,2026-09-27 17:12:00,@grassroots_talk,Candidate C,Reform & Integrity Party (RIP),Governance & Ethics,Just watched the town hall. Candidate C demonstrated remarkable grasp of Governance & Ethics. They have my full support! #VoterChoice,2323,1763,Positive
TWT-2026-10394,2026-09-24 16:40:00,@voter_voice,Candidate C,Reform & Integrity Party (RIP),National Security,Just watched the town hall. Candidate C demonstrated remarkable grasp of National Security. They have my full support! #VoterChoice,5984,159,Positive
TWT-2026-10395,2026-09-05 08:34:00,@econ_observer,Candidate C,Reform & Integrity Party (RIP),Governance & Ethics,Listening to the concerns of ordinary citizens! Candidate C spent hours at the community center answering tough questions on Governance & Ethics.,4858,440,Positive
TWT-2026-10396,2026-09-16 09:08:00,@election_daily,Candidate B,National Democratic Union (NDU),National Security,Take note: Finally a leader who prioritizes National Security. Candidate B's proposed reforms will uplift working families across the country! @CandidateB,3021,808,Positive
TWT-2026-10397,2026-09-12 07:54:00,@civic_sentinel,Candidate C,Reform & Integrity Party (RIP),Governance & Ethics,Just watched the town hall. Candidate C demonstrated remarkable grasp of Governance & Ethics. They have my full support! #VoterChoice,3275,750,Positive
TWT-2026-10398,2026-09-30 18:42:00,@metro_citizen,Candidate C,Reform & Integrity Party (RIP),Healthcare,Take note: Summary of candidate remarks regarding agricultural subsidies and regional irrigation projects. #AgriNews,153,230,Neutral
TWT-2026-10399,2026-08-15 02:16:00,@voter_chronicle,Candidate C,Reform & Integrity Party (RIP),National Security,Just in: I cannot believe people are falling for Candidate C's false narratives on National Security. Do your research!,2969,173,Negative
TWT-2026-10400,2026-09-28 14:56:00,@policy_watch,Candidate A,Alliance for Progress (AFP),Economy & Jobs,The latest policy paper from Candidate A reads like a wish list with no real budget arithmetic.,1723,1487,Negative
TWT-2026-10401,2026-08-18 23:16:00,@public_affairs_hub,Candidate A,Alliance for Progress (AFP),National Security,The parliamentary committee report on National Security was reviewed by Candidate A's advisory team earlier today. #PolicyReport,115,268,Neutral
TWT-2026-10402,2026-09-07 20:57:00,@civic_pulse,Candidate C,Reform & Integrity Party (RIP),Governance & Ethics,"The debate performance of Candidate C was calm, articulate, and completely decisive on Governance & Ethics. Outstanding! #DebateWinner",3110,1343,Positive
TWT-2026-10403,2026-09-22 11:31:00,@citizen_journal,Candidate C,Reform & Integrity Party (RIP),Education,Listening to the concerns of ordinary citizens! Candidate C spent hours at the community center answering tough questions on Education.,1850,1062,Positive
TWT-2026-10404,2026-09-02 20:17:00,@campaign_beat,Candidate C,Reform & Integrity Party (RIP),Economy & Jobs,"Honestly, Total trainwreck of an interview from @CandidateC. Avoided every tough question about campaign financing.",1168,1809,Negative
TWT-2026-10405,2026-08-08 21:14:00,@state_observer,Candidate A,Alliance for Progress (AFP),Healthcare,"The debate performance of Candidate A was calm, articulate, and completely decisive on Healthcare. Outstanding! #DebateWinner",2992,1237,Positive
TWT-2026-10406,2026-08-14 18:10:00,@urban_voter,Candidate B,National Democratic Union (NDU),National Security,Huge turnout at the Candidate B rally today! The energy is electric and the momentum is unstoppable! #Election2026,3969,1387,Positive
TWT-2026-10407,2026-08-11 04:40:00,@truth_seeker_99,Candidate B,National Democratic Union (NDU),Economy & Jobs,Live coverage: Press conference by Candidate B answering questions regarding recent bipartisan committee findings on Economy & Jobs.,54,67,Neutral
TWT-2026-10408,2026-08-12 16:25:00,@civic_sentinel,Candidate A,Alliance for Progress (AFP),Governance & Ethics,The proposed cuts to Governance & Ethics by Candidate A will devastate rural communities. Completely unacceptable! @CandidateA #VoterDiscontent,488,689,Negative
TWT-2026-10409,2026-08-19 02:13:00,@election_daily,Candidate C,Reform & Integrity Party (RIP),National Security,Candidate C delivered an outstanding speech on National Security today! Truly inspiring vision for our future. #Election2026 #Leadership,5919,1495,Positive
TWT-2026-10410,2026-09-08 04:50:00,@public_affairs_hub,Candidate C,Reform & Integrity Party (RIP),Infrastructure & Green Energy,I cannot believe people are falling for Candidate C's false narratives on Infrastructure & Green Energy. Do your research!,1427,906,Negative
TWT-2026-10411,2026-09-29 14:38:00,@public_affairs_hub,Candidate A,Alliance for Progress (AFP),Governance & Ethics,FYI: Best candidate in the race by far. @CandidateA understands our economic challenges.,4209,546,Positive
TWT-2026-10412,2026-09-03 16:43:00,@state_observer,Candidate A,Alliance for Progress (AFP),Healthcare,My opinion: Severe mismanagement in previous terms makes Candidate A unfit to oversee national Healthcare. #NoConfidence,3187,549,Negative
TWT-2026-10413,2026-09-08 01:56:00,@econ_observer,Candidate A,Alliance for Progress (AFP),Governance & Ethics,Huge turnout at the Candidate A rally today! The energy is electric and the momentum is unstoppable! #Election2026,1478,979,Positive
TWT-2026-10414,2026-09-04 00:57:00,@national_digest,Candidate C,Reform & Integrity Party (RIP),Economy & Jobs,How can anyone trust Candidate C on Economy & Jobs when their voting record shows the exact opposite for the past decade? #Hypocrisy,3980,541,Negative
TWT-2026-10415,2026-08-03 22:33:00,@state_observer,Candidate C,Reform & Integrity Party (RIP),National Security,Weak stance on national defense and border security from Candidate C. Compromising our national safety is non-negotiable!,4306,1731,Negative
TWT-2026-10416,2026-09-28 22:36:00,@political_insider,Candidate A,Alliance for Progress (AFP),Infrastructure & Green Energy,Listening to the concerns of ordinary citizens! Candidate A spent hours at the community center answering tough questions on Infrastructure & Green Energy.,2896,1211,Positive
TWT-2026-10417,2026-08-19 19:56:00,@econ_observer,Candidate B,National Democratic Union (NDU),Healthcare,"Honestly, Historic infrastructure bill proposed by Candidate B. Investing in high-speed rail and renewable grid is visionary! #GreenFuture",3933,1573,Positive
TWT-2026-10418,2026-08-01 18:33:00,@political_insider,Candidate B,National Democratic Union (NDU),Education,"Proud to endorse Candidate B! A visionary roadmap for technology innovation, education, and social welfare. #ForwardTogether",69,1457,Positive
TWT-2026-10419,2026-08-21 13:23:00,@political_insider,Candidate C,Reform & Integrity Party (RIP),Economy & Jobs,Fact-checking the claims made during yesterday's round-table discussion on Economy & Jobs and public expenditure. #FactCheck,680,107,Neutral
TWT-2026-10420,2026-09-04 13:36:00,@voter_chronicle,Candidate A,Alliance for Progress (AFP),Infrastructure & Green Energy,Kudos to Candidate A for addressing rural healthcare and small businesses head on!,4820,524,Positive
TWT-2026-10421,2026-09-20 17:30:00,@daily_elector,Candidate C,Reform & Integrity Party (RIP),Education,Take note: Best candidate in the race by far. @CandidateC understands our economic challenges.,3280,1551,Positive
TWT-2026-10422,2026-09-06 11:49:00,@insight_politics,Candidate B,National Democratic Union (NDU),Governance & Ethics,Cost of living is through the roof and Candidate B offers zero practical solutions. What a joke.,3992,1047,Negative
TWT-2026-10423,2026-08-29 22:10:00,@political_insider,Candidate B,National Democratic Union (NDU),National Security,The proposed cuts to National Security by Candidate B will devastate rural communities. Completely unacceptable! @CandidateB #VoterDiscontent,5430,495,Negative
TWT-2026-10424,2026-09-09 22:43:00,@insight_politics,Candidate A,Alliance for Progress (AFP),Governance & Ethics,Severe mismanagement in previous terms makes Candidate A unfit to oversee national Governance & Ethics. #NoConfidence,6469,1394,Negative
TWT-2026-10425,2026-09-22 04:30:00,@civic_sentinel,Candidate A,Alliance for Progress (AFP),Healthcare,Listening to the concerns of ordinary citizens! Candidate A spent hours at the community center answering tough questions on Healthcare.,5234,15,Positive
TWT-2026-10426,2026-09-08 01:46:00,@pulse_of_nation,Candidate B,National Democratic Union (NDU),Economy & Jobs,How can anyone trust Candidate B on Economy & Jobs when their voting record shows the exact opposite for the past decade? #Hypocrisy,2185,916,Negative
TWT-2026-10427,2026-09-08 01:49:00,@daily_elector,Candidate B,National Democratic Union (NDU),Governance & Ethics,Kudos to Candidate B for addressing rural healthcare and small businesses head on!,4293,591,Positive
TWT-2026-10428,2026-09-29 16:18:00,@campaign_beat,Candidate C,Reform & Integrity Party (RIP),Infrastructure & Green Energy,The tax burden on small businesses under Candidate C's scheme would shut down thousands of local enterprises! #SaveSmallBiz,117,834,Negative
TWT-2026-10429,2026-09-13 01:23:00,@democratic_forum,Candidate A,Alliance for Progress (AFP),Governance & Ethics,My opinion: Yes! Great to see Candidate A gaining strong endorsements from grassroots organizations today.,4250,1435,Positive
TWT-2026-10430,2026-08-23 21:25:00,@pulse_of_nation,Candidate C,Reform & Integrity Party (RIP),Economy & Jobs,"Another empty campaign promise from Candidate C. Talk is cheap, but where is the actual funding for Economy & Jobs? #BrokenPromises",741,1138,Negative
TWT-2026-10431,2026-09-05 09:46:00,@econ_observer,Candidate C,Reform & Integrity Party (RIP),Healthcare,Summary of candidate remarks regarding agricultural subsidies and regional irrigation projects. #AgriNews,25,37,Neutral
TWT-2026-10432,2026-08-13 14:59:00,@pulse_of_nation,Candidate C,Reform & Integrity Party (RIP),Education,Youth employment initiatives by Candidate C are groundbreaking. Giving the next generation real opportunities! @CandidateC #YouthVote,2290,468,Positive
TWT-2026-10433,2026-09-05 02:32:00,@apex_analyst,Candidate C,Reform & Integrity Party (RIP),Economy & Jobs,Candidate C's track record on corruption and ethical conduct is deeply concerning. Voters deserve better! #EthicsMatter,1463,1675,Negative
TWT-2026-10434,2026-09-20 18:16:00,@insight_politics,Candidate B,National Democratic Union (NDU),Economy & Jobs,Yes! Great to see Candidate B gaining strong endorsements from grassroots organizations today.,2136,1799,Positive
TWT-2026-10435,2026-09-19 14:43:00,@election_daily,Candidate B,National Democratic Union (NDU),Infrastructure & Green Energy,FYI: Inspiring words from Candidate B at the community rally. Let's make this win happen!,3986,1581,Positive
TWT-2026-10436,2026-09-13 22:14:00,@liberty_lens,Candidate C,Reform & Integrity Party (RIP),Economy & Jobs,My opinion: The election commission released the final list of polling venues and security protocols for district 4. #ElectionNotice,129,134,Neutral
TWT-2026-10437,2026-08-17 07:18:00,@civic_pulse,Candidate B,National Democratic Union (NDU),Education,Total trainwreck of an interview from @CandidateB. Avoided every tough question about campaign financing.,4418,47,Negative
TWT-2026-10438,2026-08-31 10:22:00,@campaign_beat,Candidate B,National Democratic Union (NDU),National Security,My opinion: Registration guidelines for overseas citizen voting and mail-in ballot dispatch timelines posted on official portal.,850,177,Neutral
TWT-2026-10439,2026-08-13 15:47:00,@campaign_beat,Candidate C,Reform & Integrity Party (RIP),Education,"The debate performance of Candidate C was calm, articulate, and completely decisive on Education. Outstanding! #DebateWinner",6137,1404,Positive
TWT-2026-10440,2026-09-23 19:22:00,@metro_citizen,Candidate A,Alliance for Progress (AFP),National Security,My opinion: Healthcare accessibility for all citizens! Candidate A has consistently fought for medical reforms. Thank you @CandidateA!,2199,428,Positive
TWT-2026-10441,2026-09-18 17:02:00,@citizen_journal,Candidate A,Alliance for Progress (AFP),Economy & Jobs,"Both parties met today to finalize the debate rules covering Economy & Jobs, foreign policy, and federal budget allocations. #Campaign2026",702,254,Neutral
TWT-2026-10442,2026-09-01 05:48:00,@truth_seeker_99,Candidate B,National Democratic Union (NDU),Governance & Ethics,Strong leadership shown by Candidate B during the national crisis. Integrity and compassion in action! #TrueLeader,4058,1181,Positive
TWT-2026-10443,2026-09-21 13:30:00,@econ_observer,Candidate B,National Democratic Union (NDU),Infrastructure & Green Energy,Take note: Live coverage: Press conference by Candidate B answering questions regarding recent bipartisan committee findings on Infrastructure & Green Energy.,778,297,Neutral
TWT-2026-10444,2026-08-12 14:07:00,@insight_politics,Candidate A,Alliance for Progress (AFP),Governance & Ethics,Youth employment initiatives by Candidate A are groundbreaking. Giving the next generation real opportunities! @CandidateA #YouthVote,3250,1767,Positive
TWT-2026-10445,2026-08-25 18:06:00,@liberty_lens,Candidate C,Reform & Integrity Party (RIP),Infrastructure & Green Energy,My opinion: The parliamentary committee report on Infrastructure & Green Energy was reviewed by Candidate C's advisory team earlier today. #PolicyReport,715,6,Neutral
TWT-2026-10446,2026-08-18 15:39:00,@liberty_lens,Candidate B,National Democratic Union (NDU),Governance & Ethics,Historic infrastructure bill proposed by Candidate B. Investing in high-speed rail and renewable grid is visionary! #GreenFuture,1558,1128,Positive
TWT-2026-10447,2026-09-18 11:23:00,@pulse_of_nation,Candidate B,National Democratic Union (NDU),Healthcare,I cannot believe people are falling for Candidate B's false narratives on Healthcare. Do your research!,3502,870,Negative
TWT-2026-10448,2026-09-13 07:52:00,@political_insider,Candidate B,National Democratic Union (NDU),Infrastructure & Green Energy,"Analysis of the three candidate manifestos regarding Infrastructure & Green Energy: A comparison of tax rates, timeline, and projected GDP impact. #PolicyReview",595,69,Neutral
TWT-2026-10449,2026-08-13 04:51:00,@voter_forum,Candidate C,Reform & Integrity Party (RIP),Education,"Terrible debate showing for Candidate C. Aggressive, defensive, and lacking any coherent policy vision on Education. #DebateLoss",4579,1778,Negative
TWT-2026-10450,2026-09-27 20:33:00,@econ_observer,Candidate A,Alliance for Progress (AFP),Infrastructure & Green Energy,Candidate A delivered an outstanding speech on Infrastructure & Green Energy today! Truly inspiring vision for our future. #Election2026 #Leadership,1471,868,Positive
TWT-2026-10451,2026-09-06 01:25:00,@political_insider,Candidate C,Reform & Integrity Party (RIP),Education,The election commission released the final list of polling venues and security protocols for district 4. #ElectionNotice,317,130,Neutral
TWT-2026-10452,2026-09-10 03:28:00,@voter_forum,Candidate C,Reform & Integrity Party (RIP),Healthcare,New voter survey released today shows Candidate C holding a 48% approval rating among independent voters. #PollTracker #Data,230,132,Neutral
TWT-2026-10453,2026-08-27 03:22:00,@swing_state_view,Candidate B,National Democratic Union (NDU),Education,Unrealistic claims from Candidate B! You cannot simultaneously cut revenues and promise massive subsidies in Education. Pure fantasy!,2981,1063,Negative
TWT-2026-10454,2026-08-23 10:43:00,@truth_seeker_99,Candidate C,Reform & Integrity Party (RIP),Healthcare,FYI: Reviewing the key legislative bills co-sponsored by Candidate C between 2022 and 2025 regarding Healthcare.,599,277,Neutral
TWT-2026-10455,2026-08-19 14:40:00,@metro_citizen,Candidate B,National Democratic Union (NDU),National Security,Official notice: Candidate debate on National Security will be broadcast nationwide with simultaneous sign language interpretation. #Debate2026,920,42,Neutral
TWT-2026-10456,2026-09-24 02:05:00,@daily_elector,Candidate A,Alliance for Progress (AFP),National Security,The parliamentary committee report on National Security was reviewed by Candidate A's advisory team earlier today. #PolicyReport,441,315,Neutral
TWT-2026-10457,2026-09-08 20:25:00,@grassroots_talk,Candidate B,National Democratic Union (NDU),Healthcare,Ignoring public opinion on Healthcare! Candidate B continues to serve special interests rather than ordinary families. @CandidateB,2625,1201,Negative
TWT-2026-10458,2026-08-27 05:11:00,@voter_voice,Candidate B,National Democratic Union (NDU),Education,A refreshing speech on democratic renewal and ethics from Candidate B. Count me in!,4833,1071,Positive
TWT-2026-10459,2026-09-14 23:05:00,@campaign_beat,Candidate A,Alliance for Progress (AFP),National Security,Live coverage: Press conference by Candidate A answering questions regarding recent bipartisan committee findings on National Security.,687,130,Neutral
TWT-2026-10460,2026-08-31 17:03:00,@voter_voice,Candidate A,Alliance for Progress (AFP),Infrastructure & Green Energy,Huge turnout at the Candidate A rally today! The energy is electric and the momentum is unstoppable! #Election2026,807,135,Positive
TWT-2026-10461,2026-08-06 20:59:00,@pulse_of_nation,Candidate B,National Democratic Union (NDU),Governance & Ethics,How can anyone trust Candidate B on Governance & Ethics when their voting record shows the exact opposite for the past decade? #Hypocrisy,881,1083,Negative
TWT-2026-10462,2026-08-09 04:33:00,@daily_elector,Candidate B,National Democratic Union (NDU),Healthcare,"Terrible debate showing for Candidate B. Aggressive, defensive, and lacking any coherent policy vision on Healthcare. #DebateLoss",6072,1171,Negative
TWT-2026-10463,2026-08-30 17:59:00,@grassroots_talk,Candidate A,Alliance for Progress (AFP),Economy & Jobs,The latest policy paper from Candidate A reads like a wish list with no real budget arithmetic.,2953,1340,Negative
TWT-2026-10464,2026-08-30 20:47:00,@urban_voter,Candidate C,Reform & Integrity Party (RIP),Infrastructure & Green Energy,Take note: Finally a leader who prioritizes Infrastructure & Green Energy. Candidate C's proposed reforms will uplift working families across the country! @CandidateC,5739,1109,Positive
TWT-2026-10465,2026-08-31 17:14:00,@civic_pulse,Candidate C,Reform & Integrity Party (RIP),Infrastructure & Green Energy,Total trainwreck of an interview from @CandidateC. Avoided every tough question about campaign financing.,5271,1276,Negative
TWT-2026-10466,2026-08-01 16:52:00,@national_digest,Candidate B,National Democratic Union (NDU),Education,"Honestly, Unrealistic claims from Candidate B! You cannot simultaneously cut revenues and promise massive subsidies in Education. Pure fantasy!",3406,1072,Negative
TWT-2026-10467,2026-09-30 15:19:00,@voter_voice,Candidate A,Alliance for Progress (AFP),Education,Just in: Statistical breakdown: Comparing historical voter turnout trends with early voting statistics in key swing districts. #ElectionMetrics,490,275,Neutral
TWT-2026-10468,2026-08-13 13:56:00,@econ_observer,Candidate B,National Democratic Union (NDU),Education,Shocking lack of empathy from Candidate B today. Clearly disconnected from ordinary realities.,1924,37,Negative
TWT-2026-10469,2026-08-15 08:05:00,@state_observer,Candidate B,National Democratic Union (NDU),Infrastructure & Green Energy,"Terrible debate showing for Candidate B. Aggressive, defensive, and lacking any coherent policy vision on Infrastructure & Green Energy. #DebateLoss",1367,1604,Negative
TWT-2026-10470,2026-09-17 17:51:00,@grassroots_talk,Candidate C,Reform & Integrity Party (RIP),Healthcare,Total trainwreck of an interview from @CandidateC. Avoided every tough question about campaign financing.,6293,1121,Negative
TWT-2026-10471,2026-09-10 14:39:00,@election_daily,Candidate B,National Democratic Union (NDU),Healthcare,Just watched the town hall. Candidate B demonstrated remarkable grasp of Healthcare. They have my full support! #VoterChoice,1519,284,Positive
TWT-2026-10472,2026-08-10 01:34:00,@voter_voice,Candidate B,National Democratic Union (NDU),National Security,Shocking lack of empathy from Candidate B today. Clearly disconnected from ordinary realities.,4060,777,Negative
TWT-2026-10473,2026-09-16 00:14:00,@civic_pulse,Candidate A,Alliance for Progress (AFP),Economy & Jobs,"I was undecided until I read Candidate A's policy paper on Economy & Jobs. Transparent, pragmatic, and data-driven! #SmartGovernance",2230,261,Positive
TWT-2026-10474,2026-09-20 15:23:00,@election_daily,Candidate A,Alliance for Progress (AFP),Economy & Jobs,I cannot believe people are falling for Candidate A's false narratives on Economy & Jobs. Do your research!,1809,1408,Negative
TWT-2026-10475,2026-08-10 01:17:00,@national_digest,Candidate C,Reform & Integrity Party (RIP),Economy & Jobs,Strong leadership shown by Candidate C during the national crisis. Integrity and compassion in action! #TrueLeader,682,1732,Positive
TWT-2026-10476,2026-09-22 12:53:00,@voter_voice,Candidate B,National Democratic Union (NDU),Economy & Jobs,FYI: Cost of living is through the roof and Candidate B offers zero practical solutions. What a joke.,3881,751,Negative
TWT-2026-10477,2026-08-13 14:47:00,@national_digest,Candidate A,Alliance for Progress (AFP),National Security,"Honestly, Live coverage: Press conference by Candidate A answering questions regarding recent bipartisan committee findings on National Security.",404,228,Neutral
TWT-2026-10478,2026-08-20 10:10:00,@urban_voter,Candidate A,Alliance for Progress (AFP),Governance & Ethics,The latest policy paper from Candidate A reads like a wish list with no real budget arithmetic.,1737,1944,Negative
TWT-2026-10479,2026-09-10 09:12:00,@voter_chronicle,Candidate C,Reform & Integrity Party (RIP),Economy & Jobs,Just in: Registration guidelines for overseas citizen voting and mail-in ballot dispatch timelines posted on official portal.,572,268,Neutral
TWT-2026-10480,2026-08-21 00:10:00,@grassroots_talk,Candidate A,Alliance for Progress (AFP),National Security,Watching Candidate A dodge straightforward questions on National Security was painful. Lack of transparency is alarming! #AccountabilityNow,955,974,Negative
TWT-2026-10481,2026-09-07 22:30:00,@insight_politics,Candidate C,Reform & Integrity Party (RIP),Economy & Jobs,"Honestly, Severe mismanagement in previous terms makes Candidate C unfit to oversee national Economy & Jobs. #NoConfidence",6494,1003,Negative
TWT-2026-10482,2026-08-06 21:39:00,@liberty_lens,Candidate C,Reform & Integrity Party (RIP),Healthcare,Just in: Unrealistic claims from Candidate C! You cannot simultaneously cut revenues and promise massive subsidies in Healthcare. Pure fantasy!,6344,374,Negative
TWT-2026-10483,2026-09-20 03:08:00,@citizen_journal,Candidate C,Reform & Integrity Party (RIP),Economy & Jobs,Take note: Impressive economic plan presented by Candidate C! Lower inflation and 500k new green jobs is exactly what we need. @CandidateC #Growth,2937,1325,Positive
TWT-2026-10484,2026-08-29 23:12:00,@voter_voice,Candidate A,Alliance for Progress (AFP),Education,Cost of living is through the roof and Candidate A offers zero practical solutions. What a joke.,6489,1430,Negative
TWT-2026-10485,2026-08-03 15:45:00,@election_daily,Candidate C,Reform & Integrity Party (RIP),Infrastructure & Green Energy,Youth employment initiatives by Candidate C are groundbreaking. Giving the next generation real opportunities! @CandidateC #YouthVote,5959,280,Positive
TWT-2026-10486,2026-09-04 11:20:00,@voter_forum,Candidate C,Reform & Integrity Party (RIP),Education,My opinion: Solid arguments from @CandidateC tonight. The plan for Education is well thought out and realistic.,5735,1008,Positive
TWT-2026-10487,2026-08-29 09:52:00,@grassroots_talk,Candidate B,National Democratic Union (NDU),Education,My opinion: Very optimistic after hearing Candidate B's interview. Sensible policies on Education for all families.,4567,333,Positive
TWT-2026-10488,2026-08-12 00:39:00,@voter_chronicle,Candidate C,Reform & Integrity Party (RIP),Education,Official notice: Candidate debate on Education will be broadcast nationwide with simultaneous sign language interpretation. #Debate2026,10,261,Neutral
TWT-2026-10489,2026-09-04 12:12:00,@truth_seeker_99,Candidate C,Reform & Integrity Party (RIP),Healthcare,Ignoring public opinion on Healthcare! Candidate C continues to serve special interests rather than ordinary families. @CandidateC,5936,267,Negative
TWT-2026-10490,2026-08-27 20:20:00,@political_insider,Candidate C,Reform & Integrity Party (RIP),Infrastructure & Green Energy,Solid arguments from @CandidateC tonight. The plan for Infrastructure & Green Energy is well thought out and realistic.,1287,1260,Positive
TWT-2026-10491,2026-08-09 05:55:00,@policy_watch,Candidate A,Alliance for Progress (AFP),Governance & Ethics,Best candidate in the race by far. @CandidateA understands our economic challenges.,571,94,Positive
TWT-2026-10492,2026-09-12 15:33:00,@civic_sentinel,Candidate A,Alliance for Progress (AFP),Economy & Jobs,Just in: I cannot believe people are falling for Candidate A's false narratives on Economy & Jobs. Do your research!,1599,412,Negative
TWT-2026-10493,2026-08-01 06:41:00,@citizen_journal,Candidate C,Reform & Integrity Party (RIP),Governance & Ethics,"Honestly, Polling stations will open at 7:00 AM on election day. Early mail-in voting starts next Monday across all counties. #ElectionGuide",60,189,Neutral
TWT-2026-10494,2026-09-30 13:52:00,@voter_chronicle,Candidate A,Alliance for Progress (AFP),Infrastructure & Green Energy,Kudos to Candidate A for addressing rural healthcare and small businesses head on!,522,744,Positive
TWT-2026-10495,2026-09-23 09:04:00,@campaign_beat,Candidate C,Reform & Integrity Party (RIP),Economy & Jobs,"Honestly, Ballot counting procedures and independent audit committee verification guidelines published this morning.",282,272,Neutral
TWT-2026-10496,2026-08-13 06:33:00,@swing_state_view,Candidate C,Reform & Integrity Party (RIP),Economy & Jobs,Huge turnout at the Candidate C rally today! The energy is electric and the momentum is unstoppable! #Election2026,5965,478,Positive
TWT-2026-10497,2026-09-19 20:36:00,@voter_chronicle,Candidate A,Alliance for Progress (AFP),Governance & Ethics,"Wasteful spending, no fiscal restraint, and reckless slogans from @CandidateA. Hard pass!",1495,1708,Negative
TWT-2026-10498,2026-08-11 05:35:00,@pulse_of_nation,Candidate C,Reform & Integrity Party (RIP),Infrastructure & Green Energy,Very poor response from Candidate C regarding the corruption allegations. Silence speaks volumes.,5479,1757,Negative
TWT-2026-10499,2026-09-27 10:35:00,@liberty_lens,Candidate C,Reform & Integrity Party (RIP),Education,The latest policy paper from Candidate C reads like a wish list with no real budget arithmetic.,1325,1822,Negative
TWT-2026-10500,2026-09-08 07:36:00,@econ_observer,Candidate B,National Democratic Union (NDU),Infrastructure & Green Energy,Kudos to Candidate B for addressing rural healthcare and small businesses head on!,3552,1696,Positive
TWT-2026-10501,2026-08-29 14:25:00,@voter_voice,Candidate A,Alliance for Progress (AFP),Infrastructure & Green Energy,Solid arguments from @CandidateA tonight. The plan for Infrastructure & Green Energy is well thought out and realistic.,6124,525,Positive
TWT-2026-10502,2026-09-26 09:00:00,@apex_analyst,Candidate C,Reform & Integrity Party (RIP),Economy & Jobs,"I was undecided until I read Candidate C's policy paper on Economy & Jobs. Transparent, pragmatic, and data-driven! #SmartGovernance",4905,38,Positive
TWT-2026-10503,2026-09-14 08:58:00,@econ_observer,Candidate A,Alliance for Progress (AFP),Healthcare,Strong leadership shown by Candidate A during the national crisis. Integrity and compassion in action! #TrueLeader,202,1585,Positive
TWT-2026-10504,2026-08-23 04:08:00,@grassroots_talk,Candidate C,Reform & Integrity Party (RIP),Governance & Ethics,Just in: Reviewing the key legislative bills co-sponsored by Candidate C between 2022 and 2025 regarding Governance & Ethics.,595,81,Neutral
TWT-2026-10505,2026-08-06 18:25:00,@public_affairs_hub,Candidate B,National Democratic Union (NDU),Governance & Ethics,"Terrible debate showing for Candidate B. Aggressive, defensive, and lacking any coherent policy vision on Governance & Ethics. #DebateLoss",1938,1057,Negative
TWT-2026-10506,2026-08-12 15:52:00,@insight_politics,Candidate A,Alliance for Progress (AFP),National Security,"Both parties met today to finalize the debate rules covering National Security, foreign policy, and federal budget allocations. #Campaign2026",750,168,Neutral
TWT-2026-10507,2026-09-16 18:24:00,@civic_pulse,Candidate C,Reform & Integrity Party (RIP),Governance & Ethics,Huge turnout at the Candidate C rally today! The energy is electric and the momentum is unstoppable! #Election2026,4901,1320,Positive
TWT-2026-10508,2026-09-25 03:55:00,@national_digest,Candidate A,Alliance for Progress (AFP),Education,Unrealistic claims from Candidate A! You cannot simultaneously cut revenues and promise massive subsidies in Education. Pure fantasy!,6724,1786,Negative
TWT-2026-10509,2026-09-10 12:03:00,@apex_analyst,Candidate A,Alliance for Progress (AFP),National Security,"Wasteful spending, no fiscal restraint, and reckless slogans from @CandidateA. Hard pass!",4964,54,Negative
TWT-2026-10510,2026-09-14 07:09:00,@policy_watch,Candidate C,Reform & Integrity Party (RIP),Economy & Jobs,Ignoring public opinion on Economy & Jobs! Candidate C continues to serve special interests rather than ordinary families. @CandidateC,4453,620,Negative
TWT-2026-10511,2026-08-19 12:09:00,@metro_citizen,Candidate C,Reform & Integrity Party (RIP),National Security,Just in: Severe mismanagement in previous terms makes Candidate C unfit to oversee national National Security. #NoConfidence,3680,2075,Negative
TWT-2026-10512,2026-08-17 02:25:00,@truth_seeker_99,Candidate B,National Democratic Union (NDU),Economy & Jobs,Just in: Loving Candidate B's honest take on Economy & Jobs. Real solutions rather than empty slogans.,4706,1531,Positive
TWT-2026-10513,2026-09-01 12:41:00,@public_affairs_hub,Candidate B,National Democratic Union (NDU),National Security,Finally a leader who prioritizes National Security. Candidate B's proposed reforms will uplift working families across the country! @CandidateB,1129,989,Positive
TWT-2026-10514,2026-08-18 13:20:00,@swing_state_view,Candidate A,Alliance for Progress (AFP),Governance & Ethics,"Honestly, Very optimistic after hearing Candidate A's interview. Sensible policies on Governance & Ethics for all families.",6051,1078,Positive
TWT-2026-10515,2026-08-23 06:20:00,@voter_chronicle,Candidate C,Reform & Integrity Party (RIP),Economy & Jobs,Major blunders in today's press conference by Candidate C. Completely out of touch with the struggles of working people! #Election2026,5532,1702,Negative
TWT-2026-10516,2026-09-09 14:39:00,@metro_citizen,Candidate C,Reform & Integrity Party (RIP),National Security,Candidate C delivered an outstanding speech on National Security today! Truly inspiring vision for our future. #Election2026 #Leadership,2522,351,Positive
TWT-2026-10517,2026-09-18 23:54:00,@civic_pulse,Candidate B,National Democratic Union (NDU),Economy & Jobs,Healthcare accessibility for all citizens! Candidate B has consistently fought for medical reforms. Thank you @CandidateB!,1660,1408,Positive
TWT-2026-10518,2026-09-25 09:00:00,@liberty_lens,Candidate A,Alliance for Progress (AFP),National Security,New voter survey released today shows Candidate A holding a 48% approval rating among independent voters. #PollTracker #Data,258,319,Neutral
TWT-2026-10519,2026-09-17 17:13:00,@campaign_beat,Candidate C,Reform & Integrity Party (RIP),Economy & Jobs,My opinion: Rising unemployment numbers prove Candidate C's economic strategy has failed miserably. Time for a change of direction! #JobsCrisis,3716,1937,Negative
TWT-2026-10520,2026-08-10 22:44:00,@swing_state_view,Candidate C,Reform & Integrity Party (RIP),Governance & Ethics,Historic infrastructure bill proposed by Candidate C. Investing in high-speed rail and renewable grid is visionary! #GreenFuture,4520,994,Positive
TWT-2026-10521,2026-08-04 09:12:00,@insight_politics,Candidate A,Alliance for Progress (AFP),Infrastructure & Green Energy,Broken promises again. Remember what Candidate A said about Infrastructure & Green Energy two years ago? Never happened.,5465,186,Negative
TWT-2026-10522,2026-09-12 21:23:00,@political_insider,Candidate C,Reform & Integrity Party (RIP),Education,FYI: Candidate C's latest proposal will drive inflation even higher. Irresponsible spending without any fiscal discipline! #EconomicWarning,3838,42,Negative
TWT-2026-10523,2026-09-02 22:06:00,@liberty_lens,Candidate A,Alliance for Progress (AFP),Education,"Wasteful spending, no fiscal restraint, and reckless slogans from @CandidateA. Hard pass!",3196,954,Negative
TWT-2026-10524,2026-09-05 22:01:00,@policy_watch,Candidate B,National Democratic Union (NDU),Governance & Ethics,Just in: Solid arguments from @CandidateB tonight. The plan for Governance & Ethics is well thought out and realistic.,746,386,Positive
TWT-2026-10525,2026-08-11 00:22:00,@swing_state_view,Candidate A,Alliance for Progress (AFP),Governance & Ethics,Statistical breakdown: Comparing historical voter turnout trends with early voting statistics in key swing districts. #ElectionMetrics,351,252,Neutral
TWT-2026-10526,2026-09-02 08:51:00,@policy_watch,Candidate B,National Democratic Union (NDU),Education,Public hearing on state infrastructure maintenance completed with statements from Candidate B's liaison.,319,122,Neutral
TWT-2026-10527,2026-08-15 04:21:00,@pulse_of_nation,Candidate C,Reform & Integrity Party (RIP),Education,Listening to the concerns of ordinary citizens! Candidate C spent hours at the community center answering tough questions on Education.,266,1141,Positive
TWT-2026-10528,2026-09-13 19:55:00,@urban_voter,Candidate C,Reform & Integrity Party (RIP),Healthcare,"Both parties met today to finalize the debate rules covering Healthcare, foreign policy, and federal budget allocations. #Campaign2026",757,197,Neutral
TWT-2026-10529,2026-09-28 19:21:00,@election_daily,Candidate C,Reform & Integrity Party (RIP),Healthcare,FYI: Voter sentiment survey across 10 battleground districts shows a statistical dead heat between Candidate C and opponents. #Polls,256,295,Neutral
TWT-2026-10530,2026-09-13 06:55:00,@metro_citizen,Candidate C,Reform & Integrity Party (RIP),Healthcare,Candidate C met with university faculty representatives to discuss federal grants for scientific research and Healthcare. #EducationNews,678,72,Neutral
TWT-2026-10531,2026-09-28 04:41:00,@public_affairs_hub,Candidate B,National Democratic Union (NDU),National Security,"Clear vision, dignity, and practical execution. Rooting for Candidate B in the upcoming vote!",4316,281,Positive
TWT-2026-10532,2026-09-16 00:48:00,@liberty_lens,Candidate A,Alliance for Progress (AFP),Education,My opinion: How can anyone trust Candidate A on Education when their voting record shows the exact opposite for the past decade? #Hypocrisy,4595,492,Negative
TWT-2026-10533,2026-09-27 20:59:00,@voter_forum,Candidate B,National Democratic Union (NDU),Infrastructure & Green Energy,"I was undecided until I read Candidate B's policy paper on Infrastructure & Green Energy. Transparent, pragmatic, and data-driven! #SmartGovernance",3654,1532,Positive
TWT-2026-10534,2026-09-09 08:38:00,@public_affairs_hub,Candidate B,National Democratic Union (NDU),Healthcare,"Take note: Proud to endorse Candidate B! A visionary roadmap for technology innovation, education, and social welfare. #ForwardTogether",899,274,Positive
TWT-2026-10535,2026-08-23 02:44:00,@national_digest,Candidate C,Reform & Integrity Party (RIP),Healthcare,Shocking lack of empathy from Candidate C today. Clearly disconnected from ordinary realities.,1932,953,Negative
TWT-2026-10536,2026-08-24 05:54:00,@pulse_of_nation,Candidate B,National Democratic Union (NDU),Healthcare,Yes! Great to see Candidate B gaining strong endorsements from grassroots organizations today.,4978,965,Positive
TWT-2026-10537,2026-09-18 00:59:00,@grassroots_talk,Candidate B,National Democratic Union (NDU),Infrastructure & Green Energy,Just in: Voter registration deadline is in two weeks. Check your polling precinct and local ballot measures online. #VoterInfo #Democracy,177,100,Neutral
TWT-2026-10538,2026-08-05 05:59:00,@election_daily,Candidate B,National Democratic Union (NDU),Healthcare,A refreshing speech on democratic renewal and ethics from Candidate B. Count me in!,5524,420,Positive
TWT-2026-10539,2026-08-28 12:49:00,@policy_watch,Candidate C,Reform & Integrity Party (RIP),Infrastructure & Green Energy,Very poor response from Candidate C regarding the corruption allegations. Silence speaks volumes.,2691,1882,Negative
TWT-2026-10540,2026-09-30 23:36:00,@civic_sentinel,Candidate C,Reform & Integrity Party (RIP),National Security,Listening to the concerns of ordinary citizens! Candidate C spent hours at the community center answering tough questions on National Security.,5924,645,Positive
TWT-2026-10541,2026-08-29 14:52:00,@policy_watch,Candidate C,Reform & Integrity Party (RIP),Governance & Ethics,"Wasteful spending, no fiscal restraint, and reckless slogans from @CandidateC. Hard pass!",5798,165,Negative
TWT-2026-10542,2026-09-03 20:03:00,@campaign_beat,Candidate A,Alliance for Progress (AFP),Governance & Ethics,Just in: Solid arguments from @CandidateA tonight. The plan for Governance & Ethics is well thought out and realistic.,3265,1510,Positive
TWT-2026-10543,2026-08-30 05:27:00,@apex_analyst,Candidate B,National Democratic Union (NDU),Infrastructure & Green Energy,Listening to the concerns of ordinary citizens! Candidate B spent hours at the community center answering tough questions on Infrastructure & Green Energy.,2519,1589,Positive
TWT-2026-10544,2026-09-11 14:05:00,@voter_forum,Candidate C,Reform & Integrity Party (RIP),Economy & Jobs,"District polling data updated as of 12 PM: 42% Candidate A, 40% Candidate B, 18% Candidate C or undecided.",539,74,Neutral
TWT-2026-10545,2026-08-21 14:01:00,@daily_elector,Candidate C,Reform & Integrity Party (RIP),Economy & Jobs,"Another empty campaign promise from Candidate C. Talk is cheap, but where is the actual funding for Economy & Jobs? #BrokenPromises",6409,562,Negative
TWT-2026-10546,2026-09-14 20:58:00,@insight_politics,Candidate B,National Democratic Union (NDU),Governance & Ethics,"FYI: Clear vision, dignity, and practical execution. Rooting for Candidate B in the upcoming vote!",1679,936,Positive
TWT-2026-10547,2026-09-10 11:05:00,@truth_seeker_99,Candidate A,Alliance for Progress (AFP),National Security,Just in: Disagree completely with @CandidateA's authoritarian approach to public education and local governance.,1042,381,Negative
TWT-2026-10548,2026-08-25 01:49:00,@daily_elector,Candidate C,Reform & Integrity Party (RIP),Infrastructure & Green Energy,Disagree completely with @CandidateC's authoritarian approach to public education and local governance.,6510,662,Negative
TWT-2026-10549,2026-08-12 22:03:00,@state_observer,Candidate B,National Democratic Union (NDU),Governance & Ethics,My opinion: Televised townhall recap: Comparing speaking times of Candidate B and opponents across 5 policy segments.,893,78,Neutral
TWT-2026-10550,2026-08-12 03:57:00,@metro_citizen,Candidate B,National Democratic Union (NDU),Education,Registration guidelines for overseas citizen voting and mail-in ballot dispatch timelines posted on official portal.,797,230,Neutral
TWT-2026-10551,2026-09-24 15:34:00,@voter_voice,Candidate A,Alliance for Progress (AFP),Economy & Jobs,Very optimistic after hearing Candidate A's interview. Sensible policies on Economy & Jobs for all families.,2098,30,Positive
TWT-2026-10552,2026-08-29 02:38:00,@civic_sentinel,Candidate C,Reform & Integrity Party (RIP),Infrastructure & Green Energy,"Terrible debate showing for Candidate C. Aggressive, defensive, and lacking any coherent policy vision on Infrastructure & Green Energy. #DebateLoss",1806,1956,Negative
TWT-2026-10553,2026-08-04 20:22:00,@policy_watch,Candidate A,Alliance for Progress (AFP),Healthcare,My opinion: Cost of living is through the roof and Candidate A offers zero practical solutions. What a joke.,2308,858,Negative
TWT-2026-10554,2026-08-06 01:06:00,@state_observer,Candidate A,Alliance for Progress (AFP),Economy & Jobs,The latest policy paper from Candidate A reads like a wish list with no real budget arithmetic.,4765,1230,Negative
TWT-2026-10555,2026-09-17 18:23:00,@policy_watch,Candidate A,Alliance for Progress (AFP),Healthcare,The latest policy paper from Candidate A reads like a wish list with no real budget arithmetic.,2359,734,Negative
TWT-2026-10556,2026-09-18 13:53:00,@econ_observer,Candidate A,Alliance for Progress (AFP),Education,Strong leadership shown by Candidate A during the national crisis. Integrity and compassion in action! #TrueLeader,3044,781,Positive
TWT-2026-10557,2026-08-18 10:33:00,@state_observer,Candidate A,Alliance for Progress (AFP),Education,I cannot believe people are falling for Candidate A's false narratives on Education. Do your research!,1132,507,Negative
TWT-2026-10558,2026-09-16 20:33:00,@civic_pulse,Candidate C,Reform & Integrity Party (RIP),Healthcare,"Take note: Clear vision, dignity, and practical execution. Rooting for Candidate C in the upcoming vote!",1737,1258,Positive
TWT-2026-10559,2026-08-19 13:38:00,@liberty_lens,Candidate B,National Democratic Union (NDU),National Security,"Clear vision, dignity, and practical execution. Rooting for Candidate B in the upcoming vote!",4979,1619,Positive
TWT-2026-10560,2026-09-09 18:31:00,@truth_seeker_99,Candidate B,National Democratic Union (NDU),Governance & Ethics,Broken promises again. Remember what Candidate B said about Governance & Ethics two years ago? Never happened.,5135,1457,Negative
TWT-2026-10561,2026-08-15 22:18:00,@campaign_beat,Candidate C,Reform & Integrity Party (RIP),National Security,I cannot believe people are falling for Candidate C's false narratives on National Security. Do your research!,4064,744,Negative
TWT-2026-10562,2026-09-17 06:51:00,@civic_sentinel,Candidate A,Alliance for Progress (AFP),Economy & Jobs,Candidate A delivered an outstanding speech on Economy & Jobs today! Truly inspiring vision for our future. #Election2026 #Leadership,3833,1285,Positive
TWT-2026-10563,2026-09-10 06:00:00,@urban_voter,Candidate B,National Democratic Union (NDU),Infrastructure & Green Energy,Impressive economic plan presented by Candidate B! Lower inflation and 500k new green jobs is exactly what we need. @CandidateB #Growth,2759,721,Positive
TWT-2026-10564,2026-09-02 17:20:00,@national_digest,Candidate A,Alliance for Progress (AFP),National Security,"FYI: I was undecided until I read Candidate A's policy paper on National Security. Transparent, pragmatic, and data-driven! #SmartGovernance",2109,1623,Positive
TWT-2026-10565,2026-09-06 19:01:00,@daily_elector,Candidate A,Alliance for Progress (AFP),Economy & Jobs,Best candidate in the race by far. @CandidateA understands our economic challenges.,2755,704,Positive
TWT-2026-10566,2026-09-21 01:41:00,@metro_citizen,Candidate A,Alliance for Progress (AFP),Education,Ignoring public opinion on Education! Candidate A continues to serve special interests rather than ordinary families. @CandidateA,5538,1970,Negative
TWT-2026-10567,2026-09-22 13:59:00,@voter_forum,Candidate B,National Democratic Union (NDU),Healthcare,"Wasteful spending, no fiscal restraint, and reckless slogans from @CandidateB. Hard pass!",3803,1380,Negative
TWT-2026-10568,2026-08-02 06:36:00,@swing_state_view,Candidate A,Alliance for Progress (AFP),Governance & Ethics,Statistical breakdown: Comparing historical voter turnout trends with early voting statistics in key swing districts. #ElectionMetrics,588,163,Neutral
TWT-2026-10569,2026-08-22 12:40:00,@econ_observer,Candidate B,National Democratic Union (NDU),Education,Just watched the town hall. Candidate B demonstrated remarkable grasp of Education. They have my full support! #VoterChoice,1248,579,Positive
TWT-2026-10570,2026-09-25 09:45:00,@liberty_lens,Candidate A,Alliance for Progress (AFP),Governance & Ethics,Shocking lack of empathy from Candidate A today. Clearly disconnected from ordinary realities.,3221,775,Negative
TWT-2026-10571,2026-08-16 11:28:00,@apex_analyst,Candidate C,Reform & Integrity Party (RIP),Economy & Jobs,Historic infrastructure bill proposed by Candidate C. Investing in high-speed rail and renewable grid is visionary! #GreenFuture,3415,182,Positive
TWT-2026-10572,2026-08-03 06:58:00,@civic_pulse,Candidate A,Alliance for Progress (AFP),Governance & Ethics,"I was undecided until I read Candidate A's policy paper on Governance & Ethics. Transparent, pragmatic, and data-driven! #SmartGovernance",1458,234,Positive
TWT-2026-10573,2026-09-29 15:46:00,@truth_seeker_99,Candidate B,National Democratic Union (NDU),Governance & Ethics,FYI: Candidate B delivered an outstanding speech on Governance & Ethics today! Truly inspiring vision for our future. #Election2026 #Leadership,3978,1029,Positive
TWT-2026-10574,2026-09-30 16:43:00,@metro_citizen,Candidate B,National Democratic Union (NDU),Education,Voter registration deadline is in two weeks. Check your polling precinct and local ballot measures online. #VoterInfo #Democracy,797,52,Neutral
TWT-2026-10575,2026-09-03 03:00:00,@apex_analyst,Candidate A,Alliance for Progress (AFP),National Security,Impressive economic plan presented by Candidate A! Lower inflation and 500k new green jobs is exactly what we need. @CandidateA #Growth,3788,798,Positive
TWT-2026-10576,2026-08-03 03:33:00,@national_digest,Candidate A,Alliance for Progress (AFP),National Security,Shocking lack of empathy from Candidate A today. Clearly disconnected from ordinary realities.,743,1373,Negative
TWT-2026-10577,2026-09-10 06:20:00,@campaign_beat,Candidate C,Reform & Integrity Party (RIP),National Security,Statistical breakdown: Comparing historical voter turnout trends with early voting statistics in key swing districts. #ElectionMetrics,33,297,Neutral
TWT-2026-10578,2026-09-12 03:17:00,@metro_citizen,Candidate A,Alliance for Progress (AFP),Education,Candidate A's track record on corruption and ethical conduct is deeply concerning. Voters deserve better! #EthicsMatter,4390,1315,Negative
TWT-2026-10579,2026-08-07 06:34:00,@voter_chronicle,Candidate A,Alliance for Progress (AFP),Education,Candidate A submitted the official campaign expenditure statement to the election commission yesterday afternoon. @CandidateA,25,320,Neutral
TWT-2026-10580,2026-09-06 07:10:00,@civic_pulse,Candidate C,Reform & Integrity Party (RIP),Education,Historic infrastructure bill proposed by Candidate C. Investing in high-speed rail and renewable grid is visionary! #GreenFuture,1184,1447,Positive
TWT-2026-10581,2026-08-31 21:03:00,@political_insider,Candidate B,National Democratic Union (NDU),Governance & Ethics,"Honestly, The parliamentary committee report on Governance & Ethics was reviewed by Candidate B's advisory team earlier today. #PolicyReport",563,229,Neutral
TWT-2026-10582,2026-09-27 18:40:00,@insight_politics,Candidate B,National Democratic Union (NDU),Economy & Jobs,Take note: Just watched the town hall. Candidate B demonstrated remarkable grasp of Economy & Jobs. They have my full support! #VoterChoice,3518,807,Positive
TWT-2026-10583,2026-08-13 22:48:00,@swing_state_view,Candidate C,Reform & Integrity Party (RIP),Infrastructure & Green Energy,Very optimistic after hearing Candidate C's interview. Sensible policies on Infrastructure & Green Energy for all families.,2938,644,Positive
TWT-2026-10584,2026-08-07 14:19:00,@swing_state_view,Candidate C,Reform & Integrity Party (RIP),Economy & Jobs,Just in: Ethical governance and complete anti-corruption measures! Exactly why Candidate C deserves to lead this nation! #CleanPolitics,4676,274,Positive
TWT-2026-10585,2026-08-10 19:16:00,@voter_chronicle,Candidate C,Reform & Integrity Party (RIP),National Security,The tax burden on small businesses under Candidate C's scheme would shut down thousands of local enterprises! #SaveSmallBiz,3884,957,Negative
TWT-2026-10586,2026-09-26 10:29:00,@citizen_journal,Candidate B,National Democratic Union (NDU),Healthcare,Very poor response from Candidate B regarding the corruption allegations. Silence speaks volumes.,5479,1361,Negative
TWT-2026-10587,2026-09-24 05:18:00,@national_digest,Candidate A,Alliance for Progress (AFP),Economy & Jobs,I cannot believe people are falling for Candidate A's false narratives on Economy & Jobs. Do your research!,954,1447,Negative
TWT-2026-10588,2026-08-21 17:41:00,@civic_pulse,Candidate B,National Democratic Union (NDU),Governance & Ethics,"Honestly, Inspiring words from Candidate B at the community rally. Let's make this win happen!",1068,1045,Positive
TWT-2026-10589,2026-09-09 07:35:00,@daily_elector,Candidate B,National Democratic Union (NDU),Governance & Ethics,Ethical governance and complete anti-corruption measures! Exactly why Candidate B deserves to lead this nation! #CleanPolitics,3308,1214,Positive
TWT-2026-10590,2026-09-07 13:50:00,@state_observer,Candidate B,National Democratic Union (NDU),Infrastructure & Green Energy,Just watched the town hall. Candidate B demonstrated remarkable grasp of Infrastructure & Green Energy. They have my full support! #VoterChoice,2816,431,Positive
TWT-2026-10591,2026-09-17 22:36:00,@citizen_journal,Candidate C,Reform & Integrity Party (RIP),Education,"Honestly, Cost of living is through the roof and Candidate C offers zero practical solutions. What a joke.",5716,975,Negative
TWT-2026-10592,2026-09-22 14:11:00,@apex_analyst,Candidate A,Alliance for Progress (AFP),Governance & Ethics,Very optimistic after hearing Candidate A's interview. Sensible policies on Governance & Ethics for all families.,3817,671,Positive
TWT-2026-10593,2026-09-19 12:20:00,@citizen_journal,Candidate B,National Democratic Union (NDU),Economy & Jobs,Very optimistic after hearing Candidate B's interview. Sensible policies on Economy & Jobs for all families.,915,1408,Positive
TWT-2026-10594,2026-09-26 18:57:00,@national_digest,Candidate C,Reform & Integrity Party (RIP),National Security,Candidate C's latest proposal will drive inflation even higher. Irresponsible spending without any fiscal discipline! #EconomicWarning,771,899,Negative
TWT-2026-10595,2026-08-19 12:39:00,@public_affairs_hub,Candidate C,Reform & Integrity Party (RIP),Economy & Jobs,The proposed cuts to Economy & Jobs by Candidate C will devastate rural communities. Completely unacceptable! @CandidateC #VoterDiscontent,5443,619,Negative
TWT-2026-10596,2026-09-20 21:19:00,@state_observer,Candidate B,National Democratic Union (NDU),Healthcare,Watching Candidate B dodge straightforward questions on Healthcare was painful. Lack of transparency is alarming! #AccountabilityNow,5612,1304,Negative
TWT-2026-10597,2026-09-02 12:54:00,@metro_citizen,Candidate C,Reform & Integrity Party (RIP),Education,Just watched the town hall. Candidate C demonstrated remarkable grasp of Education. They have my full support! #VoterChoice,4798,21,Positive
TWT-2026-10598,2026-09-22 11:07:00,@apex_analyst,Candidate B,National Democratic Union (NDU),Economy & Jobs,Take note: Youth employment initiatives by Candidate B are groundbreaking. Giving the next generation real opportunities! @CandidateB #YouthVote,4521,113,Positive
TWT-2026-10599,2026-08-21 22:24:00,@pulse_of_nation,Candidate A,Alliance for Progress (AFP),Healthcare,Voter sentiment survey across 10 battleground districts shows a statistical dead heat between Candidate A and opponents. #Polls,729,304,Neutral
TWT-2026-10600,2026-08-13 17:24:00,@voter_chronicle,Candidate B,National Democratic Union (NDU),Infrastructure & Green Energy,Cost of living is through the roof and Candidate B offers zero practical solutions. What a joke.,1760,718,Negative
TWT-2026-10601,2026-09-11 00:09:00,@voter_forum,Candidate B,National Democratic Union (NDU),Healthcare,"Honestly, I was undecided until I read Candidate B's policy paper on Healthcare. Transparent, pragmatic, and data-driven! #SmartGovernance",5514,262,Positive
TWT-2026-10602,2026-09-25 14:57:00,@insight_politics,Candidate B,National Democratic Union (NDU),National Security,Just in: Education funding increase without raising middle-class taxes? Candidate B actually found a viable budget surplus solution!,1137,178,Positive
TWT-2026-10603,2026-09-05 14:24:00,@voter_chronicle,Candidate C,Reform & Integrity Party (RIP),Infrastructure & Green Energy,Very optimistic after hearing Candidate C's interview. Sensible policies on Infrastructure & Green Energy for all families.,1497,935,Positive
TWT-2026-10604,2026-09-24 23:15:00,@insight_politics,Candidate A,Alliance for Progress (AFP),Healthcare,Education funding increase without raising middle-class taxes? Candidate A actually found a viable budget surplus solution!,4977,20,Positive
TWT-2026-10605,2026-08-03 18:30:00,@insight_politics,Candidate C,Reform & Integrity Party (RIP),Education,Voter sentiment survey across 10 battleground districts shows a statistical dead heat between Candidate C and opponents. #Polls,569,297,Neutral
TWT-2026-10606,2026-09-24 08:29:00,@truth_seeker_99,Candidate B,National Democratic Union (NDU),Economy & Jobs,Take note: Inspiring words from Candidate B at the community rally. Let's make this win happen!,3969,1419,Positive
TWT-2026-10607,2026-09-17 21:42:00,@civic_pulse,Candidate A,Alliance for Progress (AFP),Governance & Ethics,Shocking lack of empathy from Candidate A today. Clearly disconnected from ordinary realities.,754,1012,Negative
TWT-2026-10608,2026-09-27 10:34:00,@national_digest,Candidate C,Reform & Integrity Party (RIP),National Security,Solid arguments from @CandidateC tonight. The plan for National Security is well thought out and realistic.,4773,644,Positive
TWT-2026-10609,2026-08-22 13:22:00,@apex_analyst,Candidate A,Alliance for Progress (AFP),Infrastructure & Green Energy,Ethical governance and complete anti-corruption measures! Exactly why Candidate A deserves to lead this nation! #CleanPolitics,4224,965,Positive
TWT-2026-10610,2026-09-06 08:03:00,@urban_voter,Candidate B,National Democratic Union (NDU),Healthcare,Candidate B's latest proposal will drive inflation even higher. Irresponsible spending without any fiscal discipline! #EconomicWarning,5723,1253,Negative
TWT-2026-10611,2026-08-19 23:39:00,@voter_voice,Candidate B,National Democratic Union (NDU),Governance & Ethics,"Analysis of the three candidate manifestos regarding Governance & Ethics: A comparison of tax rates, timeline, and projected GDP impact. #PolicyReview",596,28,Neutral
TWT-2026-10612,2026-08-17 04:39:00,@grassroots_talk,Candidate B,National Democratic Union (NDU),Infrastructure & Green Energy,"FYI: Both parties met today to finalize the debate rules covering Infrastructure & Green Energy, foreign policy, and federal budget allocations. #Campaign2026",139,260,Neutral
TWT-2026-10613,2026-09-28 18:47:00,@metro_citizen,Candidate B,National Democratic Union (NDU),Education,Candidate B delivered an outstanding speech on Education today! Truly inspiring vision for our future. #Election2026 #Leadership,6098,233,Positive
TWT-2026-10614,2026-08-16 15:11:00,@truth_seeker_99,Candidate C,Reform & Integrity Party (RIP),Infrastructure & Green Energy,Youth employment initiatives by Candidate C are groundbreaking. Giving the next generation real opportunities! @CandidateC #YouthVote,1461,540,Positive
TWT-2026-10615,2026-09-18 13:49:00,@pulse_of_nation,Candidate A,Alliance for Progress (AFP),Education,How can anyone trust Candidate A on Education when their voting record shows the exact opposite for the past decade? #Hypocrisy,1218,639,Negative
TWT-2026-10616,2026-08-04 20:16:00,@national_digest,Candidate A,Alliance for Progress (AFP),National Security,FYI: The tax burden on small businesses under Candidate A's scheme would shut down thousands of local enterprises! #SaveSmallBiz,5977,693,Negative
TWT-2026-10617,2026-08-31 23:48:00,@econ_observer,Candidate A,Alliance for Progress (AFP),Economy & Jobs,"The debate performance of Candidate A was calm, articulate, and completely decisive on Economy & Jobs. Outstanding! #DebateWinner",3826,821,Positive
TWT-2026-10618,2026-08-10 16:55:00,@state_observer,Candidate A,Alliance for Progress (AFP),Infrastructure & Green Energy,The latest policy paper from Candidate A reads like a wish list with no real budget arithmetic.,5810,1605,Negative
TWT-2026-10619,2026-09-13 01:06:00,@econ_observer,Candidate A,Alliance for Progress (AFP),Education,The tax burden on small businesses under Candidate A's scheme would shut down thousands of local enterprises! #SaveSmallBiz,3159,1301,Negative
TWT-2026-10620,2026-08-22 08:17:00,@political_insider,Candidate C,Reform & Integrity Party (RIP),Education,Education funding increase without raising middle-class taxes? Candidate C actually found a viable budget surplus solution!,5026,1340,Positive
TWT-2026-10621,2026-09-17 07:46:00,@swing_state_view,Candidate B,National Democratic Union (NDU),National Security,Broken promises again. Remember what Candidate B said about National Security two years ago? Never happened.,3234,1896,Negative
TWT-2026-10622,2026-08-12 10:35:00,@voter_voice,Candidate C,Reform & Integrity Party (RIP),Healthcare,Yes! Great to see Candidate C gaining strong endorsements from grassroots organizations today.,2789,1392,Positive
TWT-2026-10623,2026-09-13 14:22:00,@democratic_forum,Candidate C,Reform & Integrity Party (RIP),Economy & Jobs,"Honestly, Just watched the town hall. Candidate C demonstrated remarkable grasp of Economy & Jobs. They have my full support! #VoterChoice",122,847,Positive
TWT-2026-10624,2026-08-04 19:42:00,@campaign_beat,Candidate C,Reform & Integrity Party (RIP),Education,"Honestly, Historic infrastructure bill proposed by Candidate C. Investing in high-speed rail and renewable grid is visionary! #GreenFuture",1606,74,Positive
TWT-2026-10625,2026-08-09 12:42:00,@national_digest,Candidate C,Reform & Integrity Party (RIP),National Security,Take note: Candidate C submitted the official campaign expenditure statement to the election commission yesterday afternoon. @CandidateC,735,63,Neutral
TWT-2026-10626,2026-08-17 09:29:00,@swing_state_view,Candidate C,Reform & Integrity Party (RIP),Governance & Ethics,"Analysis of the three candidate manifestos regarding Governance & Ethics: A comparison of tax rates, timeline, and projected GDP impact. #PolicyReview",927,58,Neutral
TWT-2026-10627,2026-09-12 10:16:00,@daily_elector,Candidate A,Alliance for Progress (AFP),National Security,Official notice: Candidate debate on National Security will be broadcast nationwide with simultaneous sign language interpretation. #Debate2026,293,220,Neutral
TWT-2026-10628,2026-08-04 08:52:00,@grassroots_talk,Candidate A,Alliance for Progress (AFP),Education,Impressive economic plan presented by Candidate A! Lower inflation and 500k new green jobs is exactly what we need. @CandidateA #Growth,3160,800,Positive
TWT-2026-10629,2026-08-12 20:31:00,@political_insider,Candidate A,Alliance for Progress (AFP),Infrastructure & Green Energy,Just watched the town hall. Candidate A demonstrated remarkable grasp of Infrastructure & Green Energy. They have my full support! #VoterChoice,4053,415,Positive
TWT-2026-10630,2026-09-28 14:45:00,@grassroots_talk,Candidate A,Alliance for Progress (AFP),Governance & Ethics,Education funding increase without raising middle-class taxes? Candidate A actually found a viable budget surplus solution!,1814,1262,Positive
TWT-2026-10631,2026-09-19 14:01:00,@citizen_journal,Candidate A,Alliance for Progress (AFP),Economy & Jobs,Just watched the town hall. Candidate A demonstrated remarkable grasp of Economy & Jobs. They have my full support! #VoterChoice,601,1175,Positive
TWT-2026-10632,2026-08-18 04:44:00,@liberty_lens,Candidate A,Alliance for Progress (AFP),National Security,Public hearing on state infrastructure maintenance completed with statements from Candidate A's liaison.,10,21,Neutral
TWT-2026-10633,2026-08-26 23:49:00,@civic_pulse,Candidate B,National Democratic Union (NDU),Governance & Ethics,Election Update: Candidate B will hold a policy address on Governance & Ethics this Thursday at 3 PM EST. Coverage streaming live on channel 4. #ElectionUpdate,537,253,Neutral
TWT-2026-10634,2026-09-29 11:21:00,@swing_state_view,Candidate C,Reform & Integrity Party (RIP),Healthcare,Take note: Election Update: Candidate C will hold a policy address on Healthcare this Thursday at 3 PM EST. Coverage streaming live on channel 4. #ElectionUpdate,403,248,Neutral
TWT-2026-10635,2026-09-24 10:05:00,@election_daily,Candidate B,National Democratic Union (NDU),Infrastructure & Green Energy,Take note: Impressive economic plan presented by Candidate B! Lower inflation and 500k new green jobs is exactly what we need. @CandidateB #Growth,5204,1330,Positive
TWT-2026-10636,2026-09-12 06:19:00,@insight_politics,Candidate B,National Democratic Union (NDU),National Security,Just in: Candidate B met with university faculty representatives to discuss federal grants for scientific research and National Security. #EducationNews,190,285,Neutral
TWT-2026-10637,2026-09-26 20:28:00,@voter_forum,Candidate B,National Democratic Union (NDU),Economy & Jobs,Kudos to Candidate B for addressing rural healthcare and small businesses head on!,5667,740,Positive
TWT-2026-10638,2026-09-07 07:31:00,@pulse_of_nation,Candidate A,Alliance for Progress (AFP),Healthcare,Candidate A's latest proposal will drive inflation even higher. Irresponsible spending without any fiscal discipline! #EconomicWarning,1611,111,Negative
TWT-2026-10639,2026-09-23 14:01:00,@policy_watch,Candidate A,Alliance for Progress (AFP),Governance & Ethics,"Wasteful spending, no fiscal restraint, and reckless slogans from @CandidateA. Hard pass!",2550,2054,Negative
TWT-2026-10640,2026-08-14 20:42:00,@truth_seeker_99,Candidate B,National Democratic Union (NDU),Economy & Jobs,Ignoring public opinion on Economy & Jobs! Candidate B continues to serve special interests rather than ordinary families. @CandidateB,6483,183,Negative
TWT-2026-10641,2026-08-03 23:09:00,@citizen_journal,Candidate B,National Democratic Union (NDU),National Security,Cost of living is through the roof and Candidate B offers zero practical solutions. What a joke.,1250,962,Negative
TWT-2026-10642,2026-08-01 05:40:00,@policy_watch,Candidate C,Reform & Integrity Party (RIP),Economy & Jobs,My opinion: Loving Candidate C's honest take on Economy & Jobs. Real solutions rather than empty slogans.,5090,98,Positive
TWT-2026-10643,2026-08-05 03:07:00,@citizen_journal,Candidate B,National Democratic Union (NDU),Economy & Jobs,Official notice: Candidate debate on Economy & Jobs will be broadcast nationwide with simultaneous sign language interpretation. #Debate2026,635,89,Neutral
TWT-2026-10644,2026-09-21 23:43:00,@pulse_of_nation,Candidate C,Reform & Integrity Party (RIP),Governance & Ethics,Live coverage: Press conference by Candidate C answering questions regarding recent bipartisan committee findings on Governance & Ethics.,74,105,Neutral
TWT-2026-10645,2026-09-18 01:37:00,@daily_elector,Candidate B,National Democratic Union (NDU),Economy & Jobs,My opinion: Best candidate in the race by far. @CandidateB understands our economic challenges.,4743,1122,Positive
TWT-2026-10646,2026-08-11 22:23:00,@econ_observer,Candidate B,National Democratic Union (NDU),Economy & Jobs,Candidate B submitted the official campaign expenditure statement to the election commission yesterday afternoon. @CandidateB,290,74,Neutral
TWT-2026-10647,2026-08-25 05:01:00,@citizen_journal,Candidate A,Alliance for Progress (AFP),Infrastructure & Green Energy,Take note: Healthcare accessibility for all citizens! Candidate A has consistently fought for medical reforms. Thank you @CandidateA!,4792,88,Positive
TWT-2026-10648,2026-09-07 09:26:00,@insight_politics,Candidate A,Alliance for Progress (AFP),Economy & Jobs,Election Update: Candidate A will hold a policy address on Economy & Jobs this Thursday at 3 PM EST. Coverage streaming live on channel 4. #ElectionUpdate,193,47,Neutral
TWT-2026-10649,2026-09-03 14:26:00,@democratic_forum,Candidate B,National Democratic Union (NDU),National Security,Voter registration deadline is in two weeks. Check your polling precinct and local ballot measures online. #VoterInfo #Democracy,221,75,Neutral
TWT-2026-10650,2026-09-09 02:40:00,@apex_analyst,Candidate A,Alliance for Progress (AFP),Governance & Ethics,"Just in: District polling data updated as of 12 PM: 42% Candidate A, 40% Candidate B, 18% Candidate C or undecided.",48,307,Neutral
TWT-2026-10651,2026-08-07 19:23:00,@national_digest,Candidate B,National Democratic Union (NDU),Infrastructure & Green Energy,Take note: Election Update: Candidate B will hold a policy address on Infrastructure & Green Energy this Thursday at 3 PM EST. Coverage streaming live on channel 4. #ElectionUpdate,581,122,Neutral
TWT-2026-10652,2026-08-14 08:03:00,@campaign_beat,Candidate C,Reform & Integrity Party (RIP),Governance & Ethics,Healthcare accessibility for all citizens! Candidate C has consistently fought for medical reforms. Thank you @CandidateC!,3827,1582,Positive
TWT-2026-10653,2026-08-04 20:23:00,@apex_analyst,Candidate A,Alliance for Progress (AFP),Healthcare,"Honestly, Best candidate in the race by far. @CandidateA understands our economic challenges.",3911,1023,Positive
TWT-2026-10654,2026-09-29 17:11:00,@daily_elector,Candidate A,Alliance for Progress (AFP),Infrastructure & Green Energy,"Honestly, Candidate A's track record on corruption and ethical conduct is deeply concerning. Voters deserve better! #EthicsMatter",2768,1864,Negative
TWT-2026-10655,2026-09-16 14:37:00,@public_affairs_hub,Candidate A,Alliance for Progress (AFP),Infrastructure & Green Energy,Total trainwreck of an interview from @CandidateA. Avoided every tough question about campaign financing.,980,298,Negative
TWT-2026-10656,2026-08-21 07:06:00,@democratic_forum,Candidate B,National Democratic Union (NDU),Infrastructure & Green Energy,"Honestly, Candidate B met with university faculty representatives to discuss federal grants for scientific research and Infrastructure & Green Energy. #EducationNews",775,168,Neutral
TWT-2026-10657,2026-09-01 01:56:00,@state_observer,Candidate C,Reform & Integrity Party (RIP),Infrastructure & Green Energy,Take note: Watching Candidate C dodge straightforward questions on Infrastructure & Green Energy was painful. Lack of transparency is alarming! #AccountabilityNow,3106,911,Negative
TWT-2026-10658,2026-08-09 14:46:00,@campaign_beat,Candidate A,Alliance for Progress (AFP),Healthcare,Very optimistic after hearing Candidate A's interview. Sensible policies on Healthcare for all families.,3752,369,Positive
TWT-2026-10659,2026-08-04 08:08:00,@political_insider,Candidate C,Reform & Integrity Party (RIP),Education,Take note: Candidate C's track record on corruption and ethical conduct is deeply concerning. Voters deserve better! #EthicsMatter,1686,1383,Negative
TWT-2026-10660,2026-09-08 05:50:00,@urban_voter,Candidate B,National Democratic Union (NDU),Infrastructure & Green Energy,FYI: Voter sentiment survey across 10 battleground districts shows a statistical dead heat between Candidate B and opponents. #Polls,185,177,Neutral
TWT-2026-10661,2026-09-01 06:37:00,@citizen_journal,Candidate C,Reform & Integrity Party (RIP),Healthcare,Take note: Broken promises again. Remember what Candidate C said about Healthcare two years ago? Never happened.,4558,948,Negative
TWT-2026-10662,2026-08-16 07:20:00,@state_observer,Candidate B,National Democratic Union (NDU),Education,Deeply disappointed by Candidate B's vague answers on Education. Zero concrete plans to tackle the crisis! @CandidateB #DebateFail,6010,1761,Negative
TWT-2026-10663,2026-08-03 01:30:00,@voter_forum,Candidate C,Reform & Integrity Party (RIP),Healthcare,Broken promises again. Remember what Candidate C said about Healthcare two years ago? Never happened.,1250,28,Negative
TWT-2026-10664,2026-09-21 22:52:00,@political_insider,Candidate C,Reform & Integrity Party (RIP),Economy & Jobs,Voter sentiment survey across 10 battleground districts shows a statistical dead heat between Candidate C and opponents. #Polls,553,203,Neutral
TWT-2026-10665,2026-09-14 23:26:00,@campaign_beat,Candidate B,National Democratic Union (NDU),Infrastructure & Green Energy,Live coverage: Press conference by Candidate B answering questions regarding recent bipartisan committee findings on Infrastructure & Green Energy.,95,287,Neutral
TWT-2026-10666,2026-08-11 22:29:00,@public_affairs_hub,Candidate A,Alliance for Progress (AFP),Education,FYI: Rising unemployment numbers prove Candidate A's economic strategy has failed miserably. Time for a change of direction! #JobsCrisis,1988,379,Negative
TWT-2026-10667,2026-09-25 22:25:00,@daily_elector,Candidate C,Reform & Integrity Party (RIP),Governance & Ethics,Candidate C delivered an outstanding speech on Governance & Ethics today! Truly inspiring vision for our future. #Election2026 #Leadership,3751,954,Positive
TWT-2026-10668,2026-08-25 22:21:00,@truth_seeker_99,Candidate B,National Democratic Union (NDU),National Security,"Honestly, Ethical governance and complete anti-corruption measures! Exactly why Candidate B deserves to lead this nation! #CleanPolitics",5791,1302,Positive
TWT-2026-10669,2026-09-09 17:36:00,@campaign_beat,Candidate A,Alliance for Progress (AFP),Education,Voter sentiment survey across 10 battleground districts shows a statistical dead heat between Candidate A and opponents. #Polls,780,140,Neutral
TWT-2026-10670,2026-09-02 21:23:00,@policy_watch,Candidate C,Reform & Integrity Party (RIP),Economy & Jobs,Very optimistic after hearing Candidate C's interview. Sensible policies on Economy & Jobs for all families.,2775,1511,Positive
TWT-2026-10671,2026-08-12 20:35:00,@insight_politics,Candidate A,Alliance for Progress (AFP),Infrastructure & Green Energy,FYI: Youth employment initiatives by Candidate A are groundbreaking. Giving the next generation real opportunities! @CandidateA #YouthVote,3837,1272,Positive
TWT-2026-10672,2026-08-16 17:07:00,@urban_voter,Candidate A,Alliance for Progress (AFP),Governance & Ethics,"Clear vision, dignity, and practical execution. Rooting for Candidate A in the upcoming vote!",1702,288,Positive
TWT-2026-10673,2026-09-18 07:20:00,@voter_chronicle,Candidate B,National Democratic Union (NDU),National Security,Broken promises again. Remember what Candidate B said about National Security two years ago? Never happened.,5787,867,Negative
TWT-2026-10674,2026-08-23 14:31:00,@truth_seeker_99,Candidate B,National Democratic Union (NDU),Governance & Ethics,FYI: Televised townhall recap: Comparing speaking times of Candidate B and opponents across 5 policy segments.,443,143,Neutral
TWT-2026-10675,2026-09-04 09:28:00,@civic_sentinel,Candidate C,Reform & Integrity Party (RIP),Economy & Jobs,Loving Candidate C's honest take on Economy & Jobs. Real solutions rather than empty slogans.,5839,1094,Positive
TWT-2026-10676,2026-08-30 02:05:00,@pulse_of_nation,Candidate B,National Democratic Union (NDU),National Security,"Clear vision, dignity, and practical execution. Rooting for Candidate B in the upcoming vote!",562,390,Positive
TWT-2026-10677,2026-09-14 04:31:00,@metro_citizen,Candidate A,Alliance for Progress (AFP),Education,"Both parties met today to finalize the debate rules covering Education, foreign policy, and federal budget allocations. #Campaign2026",121,86,Neutral
TWT-2026-10678,2026-09-13 17:59:00,@metro_citizen,Candidate A,Alliance for Progress (AFP),Governance & Ethics,Public hearing on state infrastructure maintenance completed with statements from Candidate A's liaison.,33,152,Neutral
TWT-2026-10679,2026-08-05 00:55:00,@democratic_forum,Candidate B,National Democratic Union (NDU),Education,Voter sentiment survey across 10 battleground districts shows a statistical dead heat between Candidate B and opponents. #Polls,464,12,Neutral
TWT-2026-10680,2026-09-11 10:31:00,@public_affairs_hub,Candidate C,Reform & Integrity Party (RIP),National Security,Strong leadership shown by Candidate C during the national crisis. Integrity and compassion in action! #TrueLeader,3397,1190,Positive
TWT-2026-10681,2026-09-06 04:57:00,@apex_analyst,Candidate C,Reform & Integrity Party (RIP),National Security,Yes! Great to see Candidate C gaining strong endorsements from grassroots organizations today.,4518,916,Positive
TWT-2026-10682,2026-09-19 01:09:00,@voter_chronicle,Candidate A,Alliance for Progress (AFP),Education,Healthcare accessibility for all citizens! Candidate A has consistently fought for medical reforms. Thank you @CandidateA!,3991,766,Positive
TWT-2026-10683,2026-08-19 05:11:00,@insight_politics,Candidate B,National Democratic Union (NDU),Infrastructure & Green Energy,"The debate performance of Candidate B was calm, articulate, and completely decisive on Infrastructure & Green Energy. Outstanding! #DebateWinner",5092,334,Positive
TWT-2026-10684,2026-09-06 04:28:00,@grassroots_talk,Candidate C,Reform & Integrity Party (RIP),National Security,FYI: Voter registration deadline is in two weeks. Check your polling precinct and local ballot measures online. #VoterInfo #Democracy,175,123,Neutral
TWT-2026-10685,2026-08-23 04:23:00,@election_daily,Candidate B,National Democratic Union (NDU),Healthcare,"FYI: Proud to endorse Candidate B! A visionary roadmap for technology innovation, education, and social welfare. #ForwardTogether",4632,1453,Positive
TWT-2026-10686,2026-08-26 15:49:00,@metro_citizen,Candidate C,Reform & Integrity Party (RIP),Healthcare,Cost of living is through the roof and Candidate C offers zero practical solutions. What a joke.,2500,505,Negative
TWT-2026-10687,2026-09-02 10:41:00,@insight_politics,Candidate B,National Democratic Union (NDU),Education,Finally a leader who prioritizes Education. Candidate B's proposed reforms will uplift working families across the country! @CandidateB,60,1517,Positive
TWT-2026-10688,2026-09-16 14:21:00,@insight_politics,Candidate B,National Democratic Union (NDU),Infrastructure & Green Energy,"Take note: I was undecided until I read Candidate B's policy paper on Infrastructure & Green Energy. Transparent, pragmatic, and data-driven! #SmartGovernance",4724,1370,Positive
TWT-2026-10689,2026-08-08 09:01:00,@pulse_of_nation,Candidate A,Alliance for Progress (AFP),National Security,Loving Candidate A's honest take on National Security. Real solutions rather than empty slogans.,353,290,Positive
TWT-2026-10690,2026-09-08 20:12:00,@public_affairs_hub,Candidate C,Reform & Integrity Party (RIP),Healthcare,Ethical governance and complete anti-corruption measures! Exactly why Candidate C deserves to lead this nation! #CleanPolitics,2952,194,Positive
TWT-2026-10691,2026-09-13 21:05:00,@truth_seeker_99,Candidate C,Reform & Integrity Party (RIP),Healthcare,Just in: Polling stations will open at 7:00 AM on election day. Early mail-in voting starts next Monday across all counties. #ElectionGuide,210,13,Neutral
TWT-2026-10692,2026-09-30 01:58:00,@swing_state_view,Candidate B,National Democratic Union (NDU),Healthcare,The election commission released the final list of polling venues and security protocols for district 4. #ElectionNotice,335,310,Neutral
TWT-2026-10693,2026-08-24 00:18:00,@voter_chronicle,Candidate B,National Democratic Union (NDU),Infrastructure & Green Energy,The proposed cuts to Infrastructure & Green Energy by Candidate B will devastate rural communities. Completely unacceptable! @CandidateB #VoterDiscontent,5895,1759,Negative
TWT-2026-10694,2026-09-17 13:51:00,@election_daily,Candidate B,National Democratic Union (NDU),Education,Just in: The tax burden on small businesses under Candidate B's scheme would shut down thousands of local enterprises! #SaveSmallBiz,4625,366,Negative
TWT-2026-10695,2026-09-08 02:09:00,@campaign_beat,Candidate B,National Democratic Union (NDU),Healthcare,Take note: Disagree completely with @CandidateB's authoritarian approach to public education and local governance.,3502,1704,Negative
TWT-2026-10696,2026-09-07 12:05:00,@voter_voice,Candidate B,National Democratic Union (NDU),Infrastructure & Green Energy,Total trainwreck of an interview from @CandidateB. Avoided every tough question about campaign financing.,2777,278,Negative
TWT-2026-10697,2026-09-15 18:48:00,@metro_citizen,Candidate B,National Democratic Union (NDU),National Security,Polling stations will open at 7:00 AM on election day. Early mail-in voting starts next Monday across all counties. #ElectionGuide,434,91,Neutral
TWT-2026-10698,2026-09-23 18:19:00,@citizen_journal,Candidate A,Alliance for Progress (AFP),Healthcare,FYI: Severe mismanagement in previous terms makes Candidate A unfit to oversee national Healthcare. #NoConfidence,2401,2017,Negative
TWT-2026-10699,2026-08-10 08:19:00,@urban_voter,Candidate C,Reform & Integrity Party (RIP),National Security,Official notice: Candidate debate on National Security will be broadcast nationwide with simultaneous sign language interpretation. #Debate2026,239,15,Neutral
TWT-2026-10700,2026-09-01 22:41:00,@democratic_forum,Candidate C,Reform & Integrity Party (RIP),Infrastructure & Green Energy,Major blunders in today's press conference by Candidate C. Completely out of touch with the struggles of working people! #Election2026,5386,1186,Negative
TWT-2026-10701,2026-08-24 18:30:00,@public_affairs_hub,Candidate A,Alliance for Progress (AFP),Economy & Jobs,Polling stations will open at 7:00 AM on election day. Early mail-in voting starts next Monday across all counties. #ElectionGuide,514,36,Neutral
TWT-2026-10702,2026-09-22 03:23:00,@truth_seeker_99,Candidate B,National Democratic Union (NDU),Education,Public hearing on state infrastructure maintenance completed with statements from Candidate B's liaison.,712,245,Neutral
TWT-2026-10703,2026-08-10 10:29:00,@insight_politics,Candidate C,Reform & Integrity Party (RIP),Governance & Ethics,Deeply disappointed by Candidate C's vague answers on Governance & Ethics. Zero concrete plans to tackle the crisis! @CandidateC #DebateFail,2156,675,Negative
TWT-2026-10704,2026-09-10 11:03:00,@apex_analyst,Candidate A,Alliance for Progress (AFP),Education,"The debate performance of Candidate A was calm, articulate, and completely decisive on Education. Outstanding! #DebateWinner",458,563,Positive
TWT-2026-10705,2026-09-18 03:38:00,@national_digest,Candidate B,National Democratic Union (NDU),Governance & Ethics,My opinion: Public hearing on state infrastructure maintenance completed with statements from Candidate B's liaison.,88,265,Neutral
TWT-2026-10706,2026-09-13 09:17:00,@swing_state_view,Candidate A,Alliance for Progress (AFP),Governance & Ethics,The parliamentary committee report on Governance & Ethics was reviewed by Candidate A's advisory team earlier today. #PolicyReport,903,163,Neutral
TWT-2026-10707,2026-09-22 04:00:00,@metro_citizen,Candidate C,Reform & Integrity Party (RIP),National Security,Youth employment initiatives by Candidate C are groundbreaking. Giving the next generation real opportunities! @CandidateC #YouthVote,810,1099,Positive
TWT-2026-10708,2026-09-28 05:06:00,@campaign_beat,Candidate C,Reform & Integrity Party (RIP),Education,Campaign schedule: Candidate C is scheduled to visit three regional manufacturing hubs tomorrow to discuss trade tariffs. @CandidateC,807,250,Neutral
TWT-2026-10709,2026-09-09 22:53:00,@truth_seeker_99,Candidate A,Alliance for Progress (AFP),Governance & Ethics,Healthcare accessibility for all citizens! Candidate A has consistently fought for medical reforms. Thank you @CandidateA!,1568,1633,Positive
TWT-2026-10710,2026-09-28 02:07:00,@metro_citizen,Candidate C,Reform & Integrity Party (RIP),National Security,Cost of living is through the roof and Candidate C offers zero practical solutions. What a joke.,5782,474,Negative
TWT-2026-10711,2026-09-26 19:33:00,@national_digest,Candidate A,Alliance for Progress (AFP),Infrastructure & Green Energy,Just in: Unrealistic claims from Candidate A! You cannot simultaneously cut revenues and promise massive subsidies in Infrastructure & Green Energy. Pure fantasy!,2582,1493,Negative
TWT-2026-10712,2026-08-08 07:08:00,@insight_politics,Candidate B,National Democratic Union (NDU),Healthcare,Very poor response from Candidate B regarding the corruption allegations. Silence speaks volumes.,2525,125,Negative
TWT-2026-10713,2026-08-28 22:48:00,@political_insider,Candidate A,Alliance for Progress (AFP),National Security,"Honestly, Healthcare accessibility for all citizens! Candidate A has consistently fought for medical reforms. Thank you @CandidateA!",2543,261,Positive
TWT-2026-10714,2026-08-03 21:32:00,@public_affairs_hub,Candidate A,Alliance for Progress (AFP),Economy & Jobs,"Honestly, I cannot believe people are falling for Candidate A's false narratives on Economy & Jobs. Do your research!",6234,1774,Negative
TWT-2026-10715,2026-09-12 00:48:00,@political_insider,Candidate A,Alliance for Progress (AFP),Infrastructure & Green Energy,FYI: Candidate A submitted the official campaign expenditure statement to the election commission yesterday afternoon. @CandidateA,940,131,Neutral
TWT-2026-10716,2026-08-02 02:09:00,@voter_forum,Candidate A,Alliance for Progress (AFP),Governance & Ethics,"FYI: Proud to endorse Candidate A! A visionary roadmap for technology innovation, education, and social welfare. #ForwardTogether",4838,414,Positive
TWT-2026-10717,2026-09-19 23:39:00,@democratic_forum,Candidate B,National Democratic Union (NDU),Governance & Ethics,Unrealistic claims from Candidate B! You cannot simultaneously cut revenues and promise massive subsidies in Governance & Ethics. Pure fantasy!,2915,665,Negative
TWT-2026-10718,2026-09-15 06:18:00,@daily_elector,Candidate C,Reform & Integrity Party (RIP),Governance & Ethics,How can anyone trust Candidate C on Governance & Ethics when their voting record shows the exact opposite for the past decade? #Hypocrisy,841,65,Negative
TWT-2026-10719,2026-09-24 22:30:00,@voter_chronicle,Candidate C,Reform & Integrity Party (RIP),Economy & Jobs,Disagree completely with @CandidateC's authoritarian approach to public education and local governance.,838,884,Negative
TWT-2026-10720,2026-08-25 13:13:00,@truth_seeker_99,Candidate C,Reform & Integrity Party (RIP),Governance & Ethics,"FYI: Analysis of the three candidate manifestos regarding Governance & Ethics: A comparison of tax rates, timeline, and projected GDP impact. #PolicyReview",460,56,Neutral
TWT-2026-10721,2026-09-03 04:31:00,@national_digest,Candidate A,Alliance for Progress (AFP),Infrastructure & Green Energy,"Honestly, Major blunders in today's press conference by Candidate A. Completely out of touch with the struggles of working people! #Election2026",6267,1295,Negative
TWT-2026-10722,2026-09-01 03:24:00,@apex_analyst,Candidate B,National Democratic Union (NDU),National Security,"FYI: I was undecided until I read Candidate B's policy paper on National Security. Transparent, pragmatic, and data-driven! #SmartGovernance",4589,1483,Positive
TWT-2026-10723,2026-08-19 13:12:00,@civic_pulse,Candidate B,National Democratic Union (NDU),Governance & Ethics,Just in: Disagree completely with @CandidateB's authoritarian approach to public education and local governance.,2585,1826,Negative
TWT-2026-10724,2026-09-01 21:06:00,@pulse_of_nation,Candidate B,National Democratic Union (NDU),National Security,Youth employment initiatives by Candidate B are groundbreaking. Giving the next generation real opportunities! @CandidateB #YouthVote,1493,31,Positive
TWT-2026-10725,2026-08-26 22:37:00,@political_insider,Candidate B,National Democratic Union (NDU),Governance & Ethics,Just in: Best candidate in the race by far. @CandidateB understands our economic challenges.,5567,179,Positive
TWT-2026-10726,2026-09-08 12:07:00,@democratic_forum,Candidate C,Reform & Integrity Party (RIP),Healthcare,Just watched the town hall. Candidate C demonstrated remarkable grasp of Healthcare. They have my full support! #VoterChoice,3004,412,Positive
TWT-2026-10727,2026-09-18 20:25:00,@voter_chronicle,Candidate B,National Democratic Union (NDU),National Security,The election commission released the final list of polling venues and security protocols for district 4. #ElectionNotice,295,299,Neutral
TWT-2026-10728,2026-08-10 14:06:00,@political_insider,Candidate B,National Democratic Union (NDU),National Security,Ballot counting procedures and independent audit committee verification guidelines published this morning.,424,250,Neutral
TWT-2026-10729,2026-08-02 03:47:00,@policy_watch,Candidate B,National Democratic Union (NDU),Infrastructure & Green Energy,Loving Candidate B's honest take on Infrastructure & Green Energy. Real solutions rather than empty slogans.,1915,1291,Positive
TWT-2026-10730,2026-09-13 10:09:00,@apex_analyst,Candidate A,Alliance for Progress (AFP),Infrastructure & Green Energy,Best candidate in the race by far. @CandidateA understands our economic challenges.,244,371,Positive
TWT-2026-10731,2026-09-03 15:50:00,@election_daily,Candidate C,Reform & Integrity Party (RIP),Governance & Ethics,Candidate C submitted the official campaign expenditure statement to the election commission yesterday afternoon. @CandidateC,788,41,Neutral
TWT-2026-10732,2026-09-04 10:51:00,@econ_observer,Candidate A,Alliance for Progress (AFP),Education,Best candidate in the race by far. @CandidateA understands our economic challenges.,4103,1009,Positive
TWT-2026-10733,2026-08-21 12:28:00,@election_daily,Candidate C,Reform & Integrity Party (RIP),Economy & Jobs,Candidate C's latest proposal will drive inflation even higher. Irresponsible spending without any fiscal discipline! #EconomicWarning,3555,495,Negative
TWT-2026-10734,2026-08-20 22:10:00,@citizen_journal,Candidate A,Alliance for Progress (AFP),Economy & Jobs,"The debate performance of Candidate A was calm, articulate, and completely decisive on Economy & Jobs. Outstanding! #DebateWinner",4585,1355,Positive
TWT-2026-10735,2026-08-08 18:43:00,@citizen_journal,Candidate B,National Democratic Union (NDU),Healthcare,Rising unemployment numbers prove Candidate B's economic strategy has failed miserably. Time for a change of direction! #JobsCrisis,5893,1601,Negative
TWT-2026-10736,2026-09-05 05:32:00,@policy_watch,Candidate C,Reform & Integrity Party (RIP),Governance & Ethics,Televised townhall recap: Comparing speaking times of Candidate C and opponents across 5 policy segments.,562,294,Neutral
TWT-2026-10737,2026-08-23 09:20:00,@policy_watch,Candidate B,National Democratic Union (NDU),Education,Loving Candidate B's honest take on Education. Real solutions rather than empty slogans.,4866,778,Positive
TWT-2026-10738,2026-09-21 23:37:00,@voter_voice,Candidate A,Alliance for Progress (AFP),Governance & Ethics,Impressive economic plan presented by Candidate A! Lower inflation and 500k new green jobs is exactly what we need. @CandidateA #Growth,1075,1719,Positive
TWT-2026-10739,2026-08-23 13:22:00,@policy_watch,Candidate C,Reform & Integrity Party (RIP),Education,Listening to the concerns of ordinary citizens! Candidate C spent hours at the community center answering tough questions on Education.,822,881,Positive
TWT-2026-10740,2026-09-28 22:04:00,@apex_analyst,Candidate C,Reform & Integrity Party (RIP),Healthcare,"Terrible debate showing for Candidate C. Aggressive, defensive, and lacking any coherent policy vision on Healthcare. #DebateLoss",1952,1286,Negative
TWT-2026-10741,2026-08-30 21:55:00,@state_observer,Candidate A,Alliance for Progress (AFP),Education,"The debate performance of Candidate A was calm, articulate, and completely decisive on Education. Outstanding! #DebateWinner",186,1107,Positive
TWT-2026-10742,2026-09-07 00:20:00,@pulse_of_nation,Candidate C,Reform & Integrity Party (RIP),Governance & Ethics,Voter sentiment survey across 10 battleground districts shows a statistical dead heat between Candidate C and opponents. #Polls,283,12,Neutral
TWT-2026-10743,2026-08-07 22:43:00,@campaign_beat,Candidate C,Reform & Integrity Party (RIP),Infrastructure & Green Energy,Ignoring public opinion on Infrastructure & Green Energy! Candidate C continues to serve special interests rather than ordinary families. @CandidateC,4720,408,Negative
TWT-2026-10744,2026-08-24 13:12:00,@citizen_journal,Candidate B,National Democratic Union (NDU),Infrastructure & Green Energy,FYI: Total trainwreck of an interview from @CandidateB. Avoided every tough question about campaign financing.,6677,1398,Negative
TWT-2026-10745,2026-08-20 18:25:00,@democratic_forum,Candidate C,Reform & Integrity Party (RIP),Economy & Jobs,Cost of living is through the roof and Candidate C offers zero practical solutions. What a joke.,1783,1185,Negative
TWT-2026-10746,2026-08-18 02:36:00,@truth_seeker_99,Candidate C,Reform & Integrity Party (RIP),National Security,"FYI: Both parties met today to finalize the debate rules covering National Security, foreign policy, and federal budget allocations. #Campaign2026",744,298,Neutral
TWT-2026-10747,2026-09-02 09:27:00,@swing_state_view,Candidate B,National Democratic Union (NDU),Infrastructure & Green Energy,"FYI: Proud to endorse Candidate B! A visionary roadmap for technology innovation, education, and social welfare. #ForwardTogether",2870,1634,Positive
TWT-2026-10748,2026-09-02 14:42:00,@national_digest,Candidate C,Reform & Integrity Party (RIP),Education,Candidate C met with university faculty representatives to discuss federal grants for scientific research and Education. #EducationNews,434,207,Neutral
TWT-2026-10749,2026-08-14 21:52:00,@voter_forum,Candidate C,Reform & Integrity Party (RIP),Healthcare,Deeply disappointed by Candidate C's vague answers on Healthcare. Zero concrete plans to tackle the crisis! @CandidateC #DebateFail,5173,772,Negative
TWT-2026-10750,2026-09-28 13:59:00,@public_affairs_hub,Candidate B,National Democratic Union (NDU),Education,Public hearing on state infrastructure maintenance completed with statements from Candidate B's liaison.,555,316,Neutral
TWT-2026-10751,2026-08-10 07:09:00,@voter_forum,Candidate C,Reform & Integrity Party (RIP),National Security,Impressive economic plan presented by Candidate C! Lower inflation and 500k new green jobs is exactly what we need. @CandidateC #Growth,4303,415,Positive
TWT-2026-10752,2026-09-28 02:40:00,@campaign_beat,Candidate C,Reform & Integrity Party (RIP),Education,Voter sentiment survey across 10 battleground districts shows a statistical dead heat between Candidate C and opponents. #Polls,430,165,Neutral
TWT-2026-10753,2026-09-08 07:25:00,@democratic_forum,Candidate B,National Democratic Union (NDU),Education,Statistical breakdown: Comparing historical voter turnout trends with early voting statistics in key swing districts. #ElectionMetrics,671,84,Neutral
TWT-2026-10754,2026-08-20 14:31:00,@econ_observer,Candidate A,Alliance for Progress (AFP),Healthcare,"Proud to endorse Candidate A! A visionary roadmap for technology innovation, education, and social welfare. #ForwardTogether",251,507,Positive
TWT-2026-10755,2026-08-02 08:50:00,@grassroots_talk,Candidate B,National Democratic Union (NDU),Infrastructure & Green Energy,My opinion: Kudos to Candidate B for addressing rural healthcare and small businesses head on!,328,418,Positive
TWT-2026-10756,2026-09-01 00:03:00,@civic_pulse,Candidate C,Reform & Integrity Party (RIP),Governance & Ethics,"Another empty campaign promise from Candidate C. Talk is cheap, but where is the actual funding for Governance & Ethics? #BrokenPromises",5308,180,Negative
TWT-2026-10757,2026-09-12 21:56:00,@civic_pulse,Candidate B,National Democratic Union (NDU),Governance & Ethics,Rising unemployment numbers prove Candidate B's economic strategy has failed miserably. Time for a change of direction! #JobsCrisis,550,1675,Negative
TWT-2026-10758,2026-09-02 03:33:00,@swing_state_view,Candidate B,National Democratic Union (NDU),National Security,Finally a leader who prioritizes National Security. Candidate B's proposed reforms will uplift working families across the country! @CandidateB,1958,234,Positive
TWT-2026-10759,2026-09-19 10:21:00,@public_affairs_hub,Candidate C,Reform & Integrity Party (RIP),Governance & Ethics,"Honestly, Historic infrastructure bill proposed by Candidate C. Investing in high-speed rail and renewable grid is visionary! #GreenFuture",4091,189,Positive
TWT-2026-10760,2026-08-14 04:06:00,@daily_elector,Candidate C,Reform & Integrity Party (RIP),Infrastructure & Green Energy,Registration guidelines for overseas citizen voting and mail-in ballot dispatch timelines posted on official portal.,771,122,Neutral
TWT-2026-10761,2026-08-04 15:34:00,@voter_chronicle,Candidate A,Alliance for Progress (AFP),Education,Official notice: Candidate debate on Education will be broadcast nationwide with simultaneous sign language interpretation. #Debate2026,428,132,Neutral
TWT-2026-10762,2026-08-16 08:56:00,@metro_citizen,Candidate C,Reform & Integrity Party (RIP),Economy & Jobs,The parliamentary committee report on Economy & Jobs was reviewed by Candidate C's advisory team earlier today. #PolicyReport,568,218,Neutral
TWT-2026-10763,2026-08-03 23:42:00,@policy_watch,Candidate B,National Democratic Union (NDU),Infrastructure & Green Energy,"Take note: District polling data updated as of 12 PM: 42% Candidate A, 40% Candidate B, 18% Candidate C or undecided.",386,159,Neutral
TWT-2026-10764,2026-09-14 11:57:00,@swing_state_view,Candidate C,Reform & Integrity Party (RIP),National Security,"Terrible debate showing for Candidate C. Aggressive, defensive, and lacking any coherent policy vision on National Security. #DebateLoss",2102,1583,Negative
TWT-2026-10765,2026-09-29 08:19:00,@civic_pulse,Candidate A,Alliance for Progress (AFP),Governance & Ethics,"Just in: Terrible debate showing for Candidate A. Aggressive, defensive, and lacking any coherent policy vision on Governance & Ethics. #DebateLoss",3654,1599,Negative
TWT-2026-10766,2026-09-26 20:26:00,@policy_watch,Candidate A,Alliance for Progress (AFP),Education,Watching Candidate A dodge straightforward questions on Education was painful. Lack of transparency is alarming! #AccountabilityNow,1342,1805,Negative
TWT-2026-10767,2026-08-22 22:27:00,@political_insider,Candidate B,National Democratic Union (NDU),Economy & Jobs,I cannot believe people are falling for Candidate B's false narratives on Economy & Jobs. Do your research!,3889,1699,Negative
TWT-2026-10768,2026-09-08 23:52:00,@econ_observer,Candidate A,Alliance for Progress (AFP),National Security,Historic infrastructure bill proposed by Candidate A. Investing in high-speed rail and renewable grid is visionary! #GreenFuture,4172,140,Positive
TWT-2026-10769,2026-09-11 20:11:00,@urban_voter,Candidate C,Reform & Integrity Party (RIP),Education,Ethical governance and complete anti-corruption measures! Exactly why Candidate C deserves to lead this nation! #CleanPolitics,5720,61,Positive
TWT-2026-10770,2026-08-21 18:05:00,@political_insider,Candidate B,National Democratic Union (NDU),National Security,FYI: Voter registration deadline is in two weeks. Check your polling precinct and local ballot measures online. #VoterInfo #Democracy,13,207,Neutral
TWT-2026-10771,2026-09-13 13:50:00,@liberty_lens,Candidate A,Alliance for Progress (AFP),Healthcare,Total trainwreck of an interview from @CandidateA. Avoided every tough question about campaign financing.,5875,540,Negative
TWT-2026-10772,2026-09-22 10:51:00,@apex_analyst,Candidate B,National Democratic Union (NDU),Infrastructure & Green Energy,Take note: Disagree completely with @CandidateB's authoritarian approach to public education and local governance.,1123,1075,Negative
TWT-2026-10773,2026-08-25 18:14:00,@voter_voice,Candidate A,Alliance for Progress (AFP),Economy & Jobs,Voter sentiment survey across 10 battleground districts shows a statistical dead heat between Candidate A and opponents. #Polls,386,95,Neutral
TWT-2026-10774,2026-08-30 06:16:00,@insight_politics,Candidate A,Alliance for Progress (AFP),Governance & Ethics,Public hearing on state infrastructure maintenance completed with statements from Candidate A's liaison.,636,119,Neutral
TWT-2026-10775,2026-08-10 02:23:00,@daily_elector,Candidate A,Alliance for Progress (AFP),Economy & Jobs,Fact-checking the claims made during yesterday's round-table discussion on Economy & Jobs and public expenditure. #FactCheck,642,221,Neutral
TWT-2026-10776,2026-09-29 14:52:00,@swing_state_view,Candidate C,Reform & Integrity Party (RIP),Economy & Jobs,Deeply disappointed by Candidate C's vague answers on Economy & Jobs. Zero concrete plans to tackle the crisis! @CandidateC #DebateFail,5916,1790,Negative
TWT-2026-10777,2026-08-19 23:31:00,@pulse_of_nation,Candidate B,National Democratic Union (NDU),Economy & Jobs,FYI: Live coverage: Press conference by Candidate B answering questions regarding recent bipartisan committee findings on Economy & Jobs.,740,106,Neutral
TWT-2026-10778,2026-08-19 23:43:00,@campaign_beat,Candidate A,Alliance for Progress (AFP),Infrastructure & Green Energy,"Proud to endorse Candidate A! A visionary roadmap for technology innovation, education, and social welfare. #ForwardTogether",4940,446,Positive
TWT-2026-10779,2026-08-16 19:28:00,@democratic_forum,Candidate B,National Democratic Union (NDU),Healthcare,FYI: Weak stance on national defense and border security from Candidate B. Compromising our national safety is non-negotiable!,6521,605,Negative
TWT-2026-10780,2026-08-09 10:44:00,@pulse_of_nation,Candidate B,National Democratic Union (NDU),Governance & Ethics,Just in: Televised townhall recap: Comparing speaking times of Candidate B and opponents across 5 policy segments.,672,236,Neutral
TWT-2026-10781,2026-08-17 02:06:00,@econ_observer,Candidate C,Reform & Integrity Party (RIP),Healthcare,Very poor response from Candidate C regarding the corruption allegations. Silence speaks volumes.,3171,1741,Negative
TWT-2026-10782,2026-09-08 21:51:00,@civic_sentinel,Candidate A,Alliance for Progress (AFP),Economy & Jobs,The parliamentary committee report on Economy & Jobs was reviewed by Candidate A's advisory team earlier today. #PolicyReport,250,243,Neutral
TWT-2026-10783,2026-08-25 09:25:00,@swing_state_view,Candidate C,Reform & Integrity Party (RIP),National Security,New voter survey released today shows Candidate C holding a 48% approval rating among independent voters. #PollTracker #Data,15,131,Neutral
TWT-2026-10784,2026-09-02 15:59:00,@liberty_lens,Candidate B,National Democratic Union (NDU),Healthcare,Cost of living is through the roof and Candidate B offers zero practical solutions. What a joke.,366,742,Negative
TWT-2026-10785,2026-08-10 08:07:00,@liberty_lens,Candidate B,National Democratic Union (NDU),Healthcare,Just watched the town hall. Candidate B demonstrated remarkable grasp of Healthcare. They have my full support! #VoterChoice,2624,1459,Positive
TWT-2026-10786,2026-08-19 08:39:00,@national_digest,Candidate A,Alliance for Progress (AFP),Healthcare,I cannot believe people are falling for Candidate A's false narratives on Healthcare. Do your research!,2331,1484,Negative
TWT-2026-10787,2026-09-01 04:35:00,@swing_state_view,Candidate B,National Democratic Union (NDU),Governance & Ethics,Strong leadership shown by Candidate B during the national crisis. Integrity and compassion in action! #TrueLeader,3594,342,Positive
TWT-2026-10788,2026-08-03 15:16:00,@daily_elector,Candidate C,Reform & Integrity Party (RIP),Infrastructure & Green Energy,My opinion: Candidate C's latest proposal will drive inflation even higher. Irresponsible spending without any fiscal discipline! #EconomicWarning,1577,616,Negative
TWT-2026-10789,2026-09-15 17:31:00,@election_daily,Candidate C,Reform & Integrity Party (RIP),Infrastructure & Green Energy,FYI: Education funding increase without raising middle-class taxes? Candidate C actually found a viable budget surplus solution!,975,1018,Positive
TWT-2026-10790,2026-08-14 09:11:00,@daily_elector,Candidate B,National Democratic Union (NDU),Economy & Jobs,Disagree completely with @CandidateB's authoritarian approach to public education and local governance.,1242,514,Negative
TWT-2026-10791,2026-09-03 18:11:00,@state_observer,Candidate C,Reform & Integrity Party (RIP),Governance & Ethics,"Honestly, Polling stations will open at 7:00 AM on election day. Early mail-in voting starts next Monday across all counties. #ElectionGuide",586,301,Neutral
TWT-2026-10792,2026-08-02 09:43:00,@swing_state_view,Candidate A,Alliance for Progress (AFP),Healthcare,Loving Candidate A's honest take on Healthcare. Real solutions rather than empty slogans.,5570,198,Positive
TWT-2026-10793,2026-08-10 00:05:00,@election_daily,Candidate A,Alliance for Progress (AFP),Infrastructure & Green Energy,Youth employment initiatives by Candidate A are groundbreaking. Giving the next generation real opportunities! @CandidateA #YouthVote,4861,222,Positive
TWT-2026-10794,2026-08-01 10:02:00,@urban_voter,Candidate C,Reform & Integrity Party (RIP),National Security,The election commission released the final list of polling venues and security protocols for district 4. #ElectionNotice,474,139,Neutral
TWT-2026-10795,2026-09-21 20:18:00,@liberty_lens,Candidate C,Reform & Integrity Party (RIP),Infrastructure & Green Energy,"Honestly, Ignoring public opinion on Infrastructure & Green Energy! Candidate C continues to serve special interests rather than ordinary families. @CandidateC",6022,537,Negative
TWT-2026-10796,2026-08-26 08:11:00,@democratic_forum,Candidate A,Alliance for Progress (AFP),National Security,"Both parties met today to finalize the debate rules covering National Security, foreign policy, and federal budget allocations. #Campaign2026",570,310,Neutral
TWT-2026-10797,2026-08-19 20:48:00,@urban_voter,Candidate B,National Democratic Union (NDU),Economy & Jobs,Just in: Election Update: Candidate B will hold a policy address on Economy & Jobs this Thursday at 3 PM EST. Coverage streaming live on channel 4. #ElectionUpdate,882,108,Neutral
TWT-2026-10798,2026-09-21 09:57:00,@swing_state_view,Candidate A,Alliance for Progress (AFP),Economy & Jobs,"I was undecided until I read Candidate A's policy paper on Economy & Jobs. Transparent, pragmatic, and data-driven! #SmartGovernance",4046,1645,Positive
TWT-2026-10799,2026-09-02 06:31:00,@election_daily,Candidate C,Reform & Integrity Party (RIP),Healthcare,Youth employment initiatives by Candidate C are groundbreaking. Giving the next generation real opportunities! @CandidateC #YouthVote,5476,201,Positive
TWT-2026-10800,2026-09-18 13:51:00,@voter_chronicle,Candidate B,National Democratic Union (NDU),Infrastructure & Green Energy,Polling stations will open at 7:00 AM on election day. Early mail-in voting starts next Monday across all counties. #ElectionGuide,586,309,Neutral
TWT-2026-10801,2026-08-22 14:43:00,@democratic_forum,Candidate C,Reform & Integrity Party (RIP),Healthcare,Take note: Weak stance on national defense and border security from Candidate C. Compromising our national safety is non-negotiable!,5196,1752,Negative
TWT-2026-10802,2026-09-11 16:05:00,@apex_analyst,Candidate C,Reform & Integrity Party (RIP),National Security,"Clear vision, dignity, and practical execution. Rooting for Candidate C in the upcoming vote!",1295,1019,Positive
TWT-2026-10803,2026-08-09 21:57:00,@apex_analyst,Candidate B,National Democratic Union (NDU),Infrastructure & Green Energy,How can anyone trust Candidate B on Infrastructure & Green Energy when their voting record shows the exact opposite for the past decade? #Hypocrisy,6596,1964,Negative
TWT-2026-10804,2026-09-28 01:32:00,@political_insider,Candidate A,Alliance for Progress (AFP),Governance & Ethics,Weak stance on national defense and border security from Candidate A. Compromising our national safety is non-negotiable!,2450,203,Negative
TWT-2026-10805,2026-09-06 08:22:00,@grassroots_talk,Candidate C,Reform & Integrity Party (RIP),Infrastructure & Green Energy,Education funding increase without raising middle-class taxes? Candidate C actually found a viable budget surplus solution!,799,956,Positive
TWT-2026-10806,2026-08-30 05:50:00,@daily_elector,Candidate C,Reform & Integrity Party (RIP),Economy & Jobs,Summary of candidate remarks regarding agricultural subsidies and regional irrigation projects. #AgriNews,26,60,Neutral
TWT-2026-10807,2026-08-21 18:46:00,@election_daily,Candidate B,National Democratic Union (NDU),Economy & Jobs,Just watched the town hall. Candidate B demonstrated remarkable grasp of Economy & Jobs. They have my full support! #VoterChoice,3434,1800,Positive
TWT-2026-10808,2026-09-25 05:13:00,@daily_elector,Candidate C,Reform & Integrity Party (RIP),Infrastructure & Green Energy,Very optimistic after hearing Candidate C's interview. Sensible policies on Infrastructure & Green Energy for all families.,2196,704,Positive
TWT-2026-10809,2026-08-28 17:01:00,@voter_voice,Candidate A,Alliance for Progress (AFP),National Security,Very optimistic after hearing Candidate A's interview. Sensible policies on National Security for all families.,2149,1790,Positive
TWT-2026-10810,2026-08-26 21:47:00,@civic_sentinel,Candidate B,National Democratic Union (NDU),Economy & Jobs,Election Update: Candidate B will hold a policy address on Economy & Jobs this Thursday at 3 PM EST. Coverage streaming live on channel 4. #ElectionUpdate,185,246,Neutral
TWT-2026-10811,2026-08-24 22:43:00,@insight_politics,Candidate C,Reform & Integrity Party (RIP),Infrastructure & Green Energy,"I was undecided until I read Candidate C's policy paper on Infrastructure & Green Energy. Transparent, pragmatic, and data-driven! #SmartGovernance",5091,1670,Positive
TWT-2026-10812,2026-08-08 00:44:00,@campaign_beat,Candidate C,Reform & Integrity Party (RIP),Infrastructure & Green Energy,My opinion: Statistical breakdown: Comparing historical voter turnout trends with early voting statistics in key swing districts. #ElectionMetrics,99,66,Neutral
TWT-2026-10813,2026-08-28 20:54:00,@econ_observer,Candidate A,Alliance for Progress (AFP),Healthcare,The election commission released the final list of polling venues and security protocols for district 4. #ElectionNotice,674,76,Neutral
TWT-2026-10814,2026-08-02 03:10:00,@metro_citizen,Candidate A,Alliance for Progress (AFP),Economy & Jobs,"I was undecided until I read Candidate A's policy paper on Economy & Jobs. Transparent, pragmatic, and data-driven! #SmartGovernance",3821,308,Positive
TWT-2026-10815,2026-09-07 07:12:00,@apex_analyst,Candidate C,Reform & Integrity Party (RIP),National Security,Just in: Official notice: Candidate debate on National Security will be broadcast nationwide with simultaneous sign language interpretation. #Debate2026,506,243,Neutral
TWT-2026-10816,2026-08-27 15:47:00,@public_affairs_hub,Candidate C,Reform & Integrity Party (RIP),Infrastructure & Green Energy,Just in: New voter survey released today shows Candidate C holding a 48% approval rating among independent voters. #PollTracker #Data,351,6,Neutral
TWT-2026-10817,2026-09-01 16:37:00,@voter_forum,Candidate C,Reform & Integrity Party (RIP),National Security,Cost of living is through the roof and Candidate C offers zero practical solutions. What a joke.,2412,159,Negative
TWT-2026-10818,2026-08-28 18:20:00,@econ_observer,Candidate C,Reform & Integrity Party (RIP),National Security,The election commission released the final list of polling venues and security protocols for district 4. #ElectionNotice,247,33,Neutral
TWT-2026-10819,2026-09-30 20:22:00,@election_daily,Candidate A,Alliance for Progress (AFP),Education,Take note: Public hearing on state infrastructure maintenance completed with statements from Candidate A's liaison.,437,244,Neutral
TWT-2026-10820,2026-08-31 11:28:00,@democratic_forum,Candidate C,Reform & Integrity Party (RIP),Infrastructure & Green Energy,Deeply disappointed by Candidate C's vague answers on Infrastructure & Green Energy. Zero concrete plans to tackle the crisis! @CandidateC #DebateFail,1351,1187,Negative
TWT-2026-10821,2026-09-24 22:42:00,@election_daily,Candidate C,Reform & Integrity Party (RIP),Healthcare,Reviewing the key legislative bills co-sponsored by Candidate C between 2022 and 2025 regarding Healthcare.,940,175,Neutral
TWT-2026-10822,2026-09-23 21:41:00,@voter_forum,Candidate A,Alliance for Progress (AFP),Education,Disagree completely with @CandidateA's authoritarian approach to public education and local governance.,5857,1606,Negative
TWT-2026-10823,2026-09-17 02:42:00,@citizen_journal,Candidate B,National Democratic Union (NDU),Infrastructure & Green Energy,"Analysis of the three candidate manifestos regarding Infrastructure & Green Energy: A comparison of tax rates, timeline, and projected GDP impact. #PolicyReview",646,108,Neutral
TWT-2026-10824,2026-09-20 13:31:00,@apex_analyst,Candidate A,Alliance for Progress (AFP),Healthcare,"Proud to endorse Candidate A! A visionary roadmap for technology innovation, education, and social welfare. #ForwardTogether",1305,1245,Positive
TWT-2026-10825,2026-08-17 11:43:00,@daily_elector,Candidate A,Alliance for Progress (AFP),Healthcare,Round 2 of bipartisan town hall discussions scheduled for next Wednesday at 6 PM. Moderated by civic forum.,58,11,Neutral
TWT-2026-10826,2026-08-08 19:14:00,@political_insider,Candidate A,Alliance for Progress (AFP),Governance & Ethics,Candidate A's latest proposal will drive inflation even higher. Irresponsible spending without any fiscal discipline! #EconomicWarning,6639,268,Negative
TWT-2026-10827,2026-09-19 01:49:00,@econ_observer,Candidate C,Reform & Integrity Party (RIP),Healthcare,The election commission released the final list of polling venues and security protocols for district 4. #ElectionNotice,274,176,Neutral
TWT-2026-10828,2026-09-15 01:59:00,@election_daily,Candidate B,National Democratic Union (NDU),Healthcare,"Clear vision, dignity, and practical execution. Rooting for Candidate B in the upcoming vote!",4247,1242,Positive
TWT-2026-10829,2026-09-30 03:52:00,@econ_observer,Candidate B,National Democratic Union (NDU),Economy & Jobs,Huge turnout at the Candidate B rally today! The energy is electric and the momentum is unstoppable! #Election2026,5026,1253,Positive
TWT-2026-10830,2026-09-28 11:10:00,@voter_forum,Candidate A,Alliance for Progress (AFP),Governance & Ethics,Candidate A submitted the official campaign expenditure statement to the election commission yesterday afternoon. @CandidateA,181,62,Neutral
TWT-2026-10831,2026-08-07 04:41:00,@voter_chronicle,Candidate B,National Democratic Union (NDU),National Security,Ethical governance and complete anti-corruption measures! Exactly why Candidate B deserves to lead this nation! #CleanPolitics,4169,1025,Positive
TWT-2026-10832,2026-08-27 00:15:00,@citizen_journal,Candidate B,National Democratic Union (NDU),Healthcare,Candidate B submitted the official campaign expenditure statement to the election commission yesterday afternoon. @CandidateB,878,105,Neutral
TWT-2026-10833,2026-09-15 13:23:00,@urban_voter,Candidate B,National Democratic Union (NDU),Education,Total trainwreck of an interview from @CandidateB. Avoided every tough question about campaign financing.,1432,357,Negative
TWT-2026-10834,2026-08-09 13:26:00,@state_observer,Candidate C,Reform & Integrity Party (RIP),Healthcare,The proposed cuts to Healthcare by Candidate C will devastate rural communities. Completely unacceptable! @CandidateC #VoterDiscontent,6200,1735,Negative
TWT-2026-10835,2026-09-19 00:45:00,@truth_seeker_99,Candidate B,National Democratic Union (NDU),Governance & Ethics,Best candidate in the race by far. @CandidateB understands our economic challenges.,2988,65,Positive
TWT-2026-10836,2026-08-11 13:03:00,@pulse_of_nation,Candidate A,Alliance for Progress (AFP),Economy & Jobs,Ignoring public opinion on Economy & Jobs! Candidate A continues to serve special interests rather than ordinary families. @CandidateA,2608,1653,Negative
TWT-2026-10837,2026-08-19 13:25:00,@swing_state_view,Candidate A,Alliance for Progress (AFP),National Security,Take note: Kudos to Candidate A for addressing rural healthcare and small businesses head on!,1261,1181,Positive
TWT-2026-10838,2026-08-01 08:57:00,@truth_seeker_99,Candidate C,Reform & Integrity Party (RIP),Governance & Ethics,Statistical breakdown: Comparing historical voter turnout trends with early voting statistics in key swing districts. #ElectionMetrics,748,162,Neutral
TWT-2026-10839,2026-09-26 17:39:00,@civic_sentinel,Candidate C,Reform & Integrity Party (RIP),Healthcare,"Clear vision, dignity, and practical execution. Rooting for Candidate C in the upcoming vote!",3334,918,Positive
TWT-2026-10840,2026-08-26 06:56:00,@apex_analyst,Candidate C,Reform & Integrity Party (RIP),Infrastructure & Green Energy,"Clear vision, dignity, and practical execution. Rooting for Candidate C in the upcoming vote!",2853,1667,Positive
TWT-2026-10841,2026-09-17 04:33:00,@econ_observer,Candidate A,Alliance for Progress (AFP),Economy & Jobs,Cost of living is through the roof and Candidate A offers zero practical solutions. What a joke.,2770,1605,Negative
TWT-2026-10842,2026-08-22 20:10:00,@voter_voice,Candidate B,National Democratic Union (NDU),Healthcare,Just watched the town hall. Candidate B demonstrated remarkable grasp of Healthcare. They have my full support! #VoterChoice,4216,1135,Positive
TWT-2026-10843,2026-08-20 23:27:00,@truth_seeker_99,Candidate A,Alliance for Progress (AFP),Governance & Ethics,Inspiring words from Candidate A at the community rally. Let's make this win happen!,2144,499,Positive
TWT-2026-10844,2026-08-23 03:03:00,@national_digest,Candidate A,Alliance for Progress (AFP),National Security,Candidate A's latest proposal will drive inflation even higher. Irresponsible spending without any fiscal discipline! #EconomicWarning,3085,1071,Negative
TWT-2026-10845,2026-08-16 23:37:00,@public_affairs_hub,Candidate C,Reform & Integrity Party (RIP),Economy & Jobs,The tax burden on small businesses under Candidate C's scheme would shut down thousands of local enterprises! #SaveSmallBiz,2470,29,Negative
TWT-2026-10846,2026-08-23 09:18:00,@swing_state_view,Candidate C,Reform & Integrity Party (RIP),National Security,Best candidate in the race by far. @CandidateC understands our economic challenges.,4393,1734,Positive
TWT-2026-10847,2026-08-16 03:20:00,@truth_seeker_99,Candidate C,Reform & Integrity Party (RIP),Governance & Ethics,The latest policy paper from Candidate C reads like a wish list with no real budget arithmetic.,1176,1554,Negative
TWT-2026-10848,2026-09-23 13:05:00,@civic_pulse,Candidate C,Reform & Integrity Party (RIP),Healthcare,Just in: Campaign schedule: Candidate C is scheduled to visit three regional manufacturing hubs tomorrow to discuss trade tariffs. @CandidateC,475,52,Neutral
TWT-2026-10849,2026-08-24 21:33:00,@pulse_of_nation,Candidate A,Alliance for Progress (AFP),Infrastructure & Green Energy,Finally a leader who prioritizes Infrastructure & Green Energy. Candidate A's proposed reforms will uplift working families across the country! @CandidateA,3926,444,Positive
TWT-2026-10850,2026-09-07 15:40:00,@state_observer,Candidate C,Reform & Integrity Party (RIP),Governance & Ethics,Summary of candidate remarks regarding agricultural subsidies and regional irrigation projects. #AgriNews,807,204,Neutral
TWT-2026-10851,2026-08-10 16:08:00,@citizen_journal,Candidate B,National Democratic Union (NDU),National Security,Loving Candidate B's honest take on National Security. Real solutions rather than empty slogans.,6019,858,Positive
TWT-2026-10852,2026-08-30 15:02:00,@voter_forum,Candidate C,Reform & Integrity Party (RIP),Infrastructure & Green Energy,The proposed cuts to Infrastructure & Green Energy by Candidate C will devastate rural communities. Completely unacceptable! @CandidateC #VoterDiscontent,5801,491,Negative
TWT-2026-10853,2026-08-08 03:23:00,@public_affairs_hub,Candidate A,Alliance for Progress (AFP),Governance & Ethics,Campaign schedule: Candidate A is scheduled to visit three regional manufacturing hubs tomorrow to discuss trade tariffs. @CandidateA,131,310,Neutral
TWT-2026-10854,2026-08-24 09:18:00,@citizen_journal,Candidate B,National Democratic Union (NDU),Economy & Jobs,Yes! Great to see Candidate B gaining strong endorsements from grassroots organizations today.,1280,246,Positive
TWT-2026-10855,2026-09-29 09:56:00,@apex_analyst,Candidate A,Alliance for Progress (AFP),Healthcare,Voter registration deadline is in two weeks. Check your polling precinct and local ballot measures online. #VoterInfo #Democracy,812,303,Neutral
TWT-2026-10856,2026-08-05 01:26:00,@citizen_journal,Candidate A,Alliance for Progress (AFP),Healthcare,FYI: Registration guidelines for overseas citizen voting and mail-in ballot dispatch timelines posted on official portal.,510,3,Neutral
TWT-2026-10857,2026-08-31 23:53:00,@civic_sentinel,Candidate C,Reform & Integrity Party (RIP),Education,Broken promises again. Remember what Candidate C said about Education two years ago? Never happened.,3735,1391,Negative
TWT-2026-10858,2026-09-12 14:09:00,@voter_forum,Candidate A,Alliance for Progress (AFP),Healthcare,Total trainwreck of an interview from @CandidateA. Avoided every tough question about campaign financing.,5243,1895,Negative
TWT-2026-10859,2026-09-27 12:21:00,@econ_observer,Candidate B,National Democratic Union (NDU),Economy & Jobs,Ballot counting procedures and independent audit committee verification guidelines published this morning.,690,211,Neutral
TWT-2026-10860,2026-09-25 05:45:00,@voter_voice,Candidate A,Alliance for Progress (AFP),National Security,Ethical governance and complete anti-corruption measures! Exactly why Candidate A deserves to lead this nation! #CleanPolitics,6053,573,Positive
TWT-2026-10861,2026-09-11 17:05:00,@campaign_beat,Candidate C,Reform & Integrity Party (RIP),National Security,"District polling data updated as of 12 PM: 42% Candidate A, 40% Candidate B, 18% Candidate C or undecided.",326,289,Neutral
TWT-2026-10862,2026-09-03 06:48:00,@citizen_journal,Candidate C,Reform & Integrity Party (RIP),Governance & Ethics,Broken promises again. Remember what Candidate C said about Governance & Ethics two years ago? Never happened.,6236,224,Negative
TWT-2026-10863,2026-08-18 06:15:00,@insight_politics,Candidate C,Reform & Integrity Party (RIP),Economy & Jobs,"Honestly, Candidate C submitted the official campaign expenditure statement to the election commission yesterday afternoon. @CandidateC",684,274,Neutral
TWT-2026-10864,2026-09-07 01:31:00,@voter_voice,Candidate C,Reform & Integrity Party (RIP),Infrastructure & Green Energy,Just watched the town hall. Candidate C demonstrated remarkable grasp of Infrastructure & Green Energy. They have my full support! #VoterChoice,4395,1247,Positive
TWT-2026-10865,2026-08-21 12:16:00,@civic_pulse,Candidate B,National Democratic Union (NDU),Infrastructure & Green Energy,"Analysis of the three candidate manifestos regarding Infrastructure & Green Energy: A comparison of tax rates, timeline, and projected GDP impact. #PolicyReview",434,14,Neutral
TWT-2026-10866,2026-09-19 02:09:00,@apex_analyst,Candidate A,Alliance for Progress (AFP),Economy & Jobs,FYI: Cost of living is through the roof and Candidate A offers zero practical solutions. What a joke.,1407,1176,Negative
TWT-2026-10867,2026-08-12 00:45:00,@policy_watch,Candidate B,National Democratic Union (NDU),National Security,"The debate performance of Candidate B was calm, articulate, and completely decisive on National Security. Outstanding! #DebateWinner",507,1263,Positive
TWT-2026-10868,2026-08-21 08:24:00,@political_insider,Candidate B,National Democratic Union (NDU),Infrastructure & Green Energy,Huge turnout at the Candidate B rally today! The energy is electric and the momentum is unstoppable! #Election2026,2646,296,Positive
TWT-2026-10869,2026-09-01 16:48:00,@truth_seeker_99,Candidate A,Alliance for Progress (AFP),Healthcare,Healthcare accessibility for all citizens! Candidate A has consistently fought for medical reforms. Thank you @CandidateA!,6186,1227,Positive
TWT-2026-10870,2026-08-27 02:30:00,@voter_voice,Candidate B,National Democratic Union (NDU),Economy & Jobs,Historic infrastructure bill proposed by Candidate B. Investing in high-speed rail and renewable grid is visionary! #GreenFuture,521,656,Positive
TWT-2026-10871,2026-09-07 21:06:00,@democratic_forum,Candidate B,National Democratic Union (NDU),National Security,Healthcare accessibility for all citizens! Candidate B has consistently fought for medical reforms. Thank you @CandidateB!,177,556,Positive
TWT-2026-10872,2026-08-06 20:32:00,@campaign_beat,Candidate C,Reform & Integrity Party (RIP),National Security,Voter registration deadline is in two weeks. Check your polling precinct and local ballot measures online. #VoterInfo #Democracy,321,292,Neutral
TWT-2026-10873,2026-09-28 17:28:00,@policy_watch,Candidate A,Alliance for Progress (AFP),Education,Just in: Solid arguments from @CandidateA tonight. The plan for Education is well thought out and realistic.,1402,1606,Positive
TWT-2026-10874,2026-08-18 19:16:00,@swing_state_view,Candidate A,Alliance for Progress (AFP),Infrastructure & Green Energy,Just in: Shocking lack of empathy from Candidate A today. Clearly disconnected from ordinary realities.,2399,693,Negative
TWT-2026-10875,2026-08-19 01:10:00,@voter_forum,Candidate B,National Democratic Union (NDU),Education,Public hearing on state infrastructure maintenance completed with statements from Candidate B's liaison.,227,301,Neutral
TWT-2026-10876,2026-08-08 04:46:00,@econ_observer,Candidate C,Reform & Integrity Party (RIP),Governance & Ethics,"Both parties met today to finalize the debate rules covering Governance & Ethics, foreign policy, and federal budget allocations. #Campaign2026",317,47,Neutral
TWT-2026-10877,2026-08-21 21:21:00,@urban_voter,Candidate B,National Democratic Union (NDU),Infrastructure & Green Energy,Watching Candidate B dodge straightforward questions on Infrastructure & Green Energy was painful. Lack of transparency is alarming! #AccountabilityNow,5030,2075,Negative
TWT-2026-10878,2026-08-21 10:13:00,@election_daily,Candidate B,National Democratic Union (NDU),National Security,Ethical governance and complete anti-corruption measures! Exactly why Candidate B deserves to lead this nation! #CleanPolitics,2261,508,Positive
TWT-2026-10879,2026-08-01 19:30:00,@voter_voice,Candidate C,Reform & Integrity Party (RIP),Education,Deeply disappointed by Candidate C's vague answers on Education. Zero concrete plans to tackle the crisis! @CandidateC #DebateFail,5697,555,Negative
TWT-2026-10880,2026-09-04 02:50:00,@urban_voter,Candidate A,Alliance for Progress (AFP),National Security,"Another empty campaign promise from Candidate A. Talk is cheap, but where is the actual funding for National Security? #BrokenPromises",3414,2010,Negative
TWT-2026-10881,2026-08-23 12:52:00,@civic_sentinel,Candidate C,Reform & Integrity Party (RIP),Economy & Jobs,Cost of living is through the roof and Candidate C offers zero practical solutions. What a joke.,283,1831,Negative
TWT-2026-10882,2026-09-29 06:28:00,@voter_voice,Candidate B,National Democratic Union (NDU),Infrastructure & Green Energy,"FYI: Analysis of the three candidate manifestos regarding Infrastructure & Green Energy: A comparison of tax rates, timeline, and projected GDP impact. #PolicyReview",869,6,Neutral
TWT-2026-10883,2026-09-15 11:12:00,@civic_pulse,Candidate A,Alliance for Progress (AFP),National Security,Election Update: Candidate A will hold a policy address on National Security this Thursday at 3 PM EST. Coverage streaming live on channel 4. #ElectionUpdate,786,145,Neutral
TWT-2026-10884,2026-08-24 01:17:00,@citizen_journal,Candidate C,Reform & Integrity Party (RIP),National Security,"Just in: I was undecided until I read Candidate C's policy paper on National Security. Transparent, pragmatic, and data-driven! #SmartGovernance",5905,457,Positive
TWT-2026-10885,2026-08-08 08:36:00,@truth_seeker_99,Candidate C,Reform & Integrity Party (RIP),National Security,Just in: Very optimistic after hearing Candidate C's interview. Sensible policies on National Security for all families.,1737,19,Positive
TWT-2026-10886,2026-09-08 18:11:00,@civic_pulse,Candidate B,National Democratic Union (NDU),Healthcare,Round 2 of bipartisan town hall discussions scheduled for next Wednesday at 6 PM. Moderated by civic forum.,208,291,Neutral
TWT-2026-10887,2026-09-06 07:56:00,@truth_seeker_99,Candidate C,Reform & Integrity Party (RIP),Healthcare,Disagree completely with @CandidateC's authoritarian approach to public education and local governance.,562,529,Negative
TWT-2026-10888,2026-09-14 21:34:00,@civic_sentinel,Candidate C,Reform & Integrity Party (RIP),Education,"Proud to endorse Candidate C! A visionary roadmap for technology innovation, education, and social welfare. #ForwardTogether",5579,52,Positive
TWT-2026-10889,2026-09-11 21:41:00,@policy_watch,Candidate B,National Democratic Union (NDU),National Security,Cost of living is through the roof and Candidate B offers zero practical solutions. What a joke.,3748,16,Negative
TWT-2026-10890,2026-08-30 15:23:00,@truth_seeker_99,Candidate B,National Democratic Union (NDU),Infrastructure & Green Energy,Voter sentiment survey across 10 battleground districts shows a statistical dead heat between Candidate B and opponents. #Polls,290,64,Neutral
TWT-2026-10891,2026-09-04 14:20:00,@voter_voice,Candidate A,Alliance for Progress (AFP),National Security,"Terrible debate showing for Candidate A. Aggressive, defensive, and lacking any coherent policy vision on National Security. #DebateLoss",414,1146,Negative
TWT-2026-10892,2026-08-15 22:27:00,@civic_pulse,Candidate B,National Democratic Union (NDU),Healthcare,Ignoring public opinion on Healthcare! Candidate B continues to serve special interests rather than ordinary families. @CandidateB,700,111,Negative
TWT-2026-10893,2026-08-02 15:27:00,@voter_voice,Candidate A,Alliance for Progress (AFP),Healthcare,"Honestly, The debate performance of Candidate A was calm, articulate, and completely decisive on Healthcare. Outstanding! #DebateWinner",2722,641,Positive
TWT-2026-10894,2026-08-22 01:52:00,@liberty_lens,Candidate C,Reform & Integrity Party (RIP),National Security,My opinion: Strong leadership shown by Candidate C during the national crisis. Integrity and compassion in action! #TrueLeader,2076,511,Positive
TWT-2026-10895,2026-08-07 20:28:00,@public_affairs_hub,Candidate C,Reform & Integrity Party (RIP),Healthcare,Just watched the town hall. Candidate C demonstrated remarkable grasp of Healthcare. They have my full support! #VoterChoice,4939,1273,Positive
TWT-2026-10896,2026-09-24 22:04:00,@metro_citizen,Candidate A,Alliance for Progress (AFP),Economy & Jobs,Candidate A's latest proposal will drive inflation even higher. Irresponsible spending without any fiscal discipline! #EconomicWarning,303,1553,Negative
TWT-2026-10897,2026-08-05 03:43:00,@policy_watch,Candidate A,Alliance for Progress (AFP),Infrastructure & Green Energy,Impressive economic plan presented by Candidate A! Lower inflation and 500k new green jobs is exactly what we need. @CandidateA #Growth,2494,1255,Positive
TWT-2026-10898,2026-08-15 19:50:00,@swing_state_view,Candidate C,Reform & Integrity Party (RIP),Economy & Jobs,"Just in: I was undecided until I read Candidate C's policy paper on Economy & Jobs. Transparent, pragmatic, and data-driven! #SmartGovernance",3149,827,Positive
TWT-2026-10899,2026-09-26 19:39:00,@political_insider,Candidate C,Reform & Integrity Party (RIP),Economy & Jobs,The tax burden on small businesses under Candidate C's scheme would shut down thousands of local enterprises! #SaveSmallBiz,3175,1909,Negative
TWT-2026-10900,2026-08-22 18:12:00,@political_insider,Candidate B,National Democratic Union (NDU),National Security,The latest policy paper from Candidate B reads like a wish list with no real budget arithmetic.,6443,114,Negative
TWT-2026-10901,2026-09-23 06:57:00,@public_affairs_hub,Candidate A,Alliance for Progress (AFP),Economy & Jobs,Ballot counting procedures and independent audit committee verification guidelines published this morning.,740,36,Neutral
TWT-2026-10902,2026-09-16 19:28:00,@daily_elector,Candidate A,Alliance for Progress (AFP),National Security,Total trainwreck of an interview from @CandidateA. Avoided every tough question about campaign financing.,2129,1463,Negative
TWT-2026-10903,2026-08-28 16:41:00,@national_digest,Candidate A,Alliance for Progress (AFP),Healthcare,Candidate A's latest proposal will drive inflation even higher. Irresponsible spending without any fiscal discipline! #EconomicWarning,525,530,Negative
TWT-2026-10904,2026-08-20 19:21:00,@apex_analyst,Candidate B,National Democratic Union (NDU),Education,Just in: Inspiring words from Candidate B at the community rally. Let's make this win happen!,4458,1593,Positive
TWT-2026-10905,2026-09-22 17:54:00,@policy_watch,Candidate B,National Democratic Union (NDU),Economy & Jobs,Take note: Total trainwreck of an interview from @CandidateB. Avoided every tough question about campaign financing.,4834,600,Negative
TWT-2026-10906,2026-09-20 02:21:00,@campaign_beat,Candidate B,National Democratic Union (NDU),Education,"Proud to endorse Candidate B! A visionary roadmap for technology innovation, education, and social welfare. #ForwardTogether",1666,1316,Positive
TWT-2026-10907,2026-08-22 18:36:00,@liberty_lens,Candidate C,Reform & Integrity Party (RIP),Infrastructure & Green Energy,"District polling data updated as of 12 PM: 42% Candidate A, 40% Candidate B, 18% Candidate C or undecided.",718,241,Neutral
TWT-2026-10908,2026-09-01 07:58:00,@voter_voice,Candidate C,Reform & Integrity Party (RIP),Education,"Honestly, Weak stance on national defense and border security from Candidate C. Compromising our national safety is non-negotiable!",2722,672,Negative
TWT-2026-10909,2026-08-16 15:47:00,@national_digest,Candidate C,Reform & Integrity Party (RIP),Healthcare,"District polling data updated as of 12 PM: 42% Candidate A, 40% Candidate B, 18% Candidate C or undecided.",245,240,Neutral
TWT-2026-10910,2026-08-24 00:04:00,@voter_chronicle,Candidate B,National Democratic Union (NDU),National Security,"Honestly, Severe mismanagement in previous terms makes Candidate B unfit to oversee national National Security. #NoConfidence",1711,1647,Negative
TWT-2026-10911,2026-09-10 18:58:00,@national_digest,Candidate A,Alliance for Progress (AFP),Governance & Ethics,Huge turnout at the Candidate A rally today! The energy is electric and the momentum is unstoppable! #Election2026,1191,600,Positive
TWT-2026-10912,2026-08-15 08:46:00,@daily_elector,Candidate B,National Democratic Union (NDU),Economy & Jobs,Deeply disappointed by Candidate B's vague answers on Economy & Jobs. Zero concrete plans to tackle the crisis! @CandidateB #DebateFail,1661,818,Negative
TWT-2026-10913,2026-09-28 03:01:00,@swing_state_view,Candidate B,National Democratic Union (NDU),Governance & Ethics,"FYI: Terrible debate showing for Candidate B. Aggressive, defensive, and lacking any coherent policy vision on Governance & Ethics. #DebateLoss",1492,810,Negative
TWT-2026-10914,2026-08-14 09:29:00,@democratic_forum,Candidate A,Alliance for Progress (AFP),Infrastructure & Green Energy,"Wasteful spending, no fiscal restraint, and reckless slogans from @CandidateA. Hard pass!",6480,462,Negative
TWT-2026-10915,2026-09-09 13:56:00,@insight_politics,Candidate B,National Democratic Union (NDU),Education,Televised townhall recap: Comparing speaking times of Candidate B and opponents across 5 policy segments.,185,271,Neutral
TWT-2026-10916,2026-08-25 22:23:00,@liberty_lens,Candidate A,Alliance for Progress (AFP),Economy & Jobs,Take note: Finally a leader who prioritizes Economy & Jobs. Candidate A's proposed reforms will uplift working families across the country! @CandidateA,1096,1632,Positive
TWT-2026-10917,2026-09-07 06:54:00,@econ_observer,Candidate C,Reform & Integrity Party (RIP),Infrastructure & Green Energy,"Wasteful spending, no fiscal restraint, and reckless slogans from @CandidateC. Hard pass!",2033,197,Negative
TWT-2026-10918,2026-08-18 04:54:00,@truth_seeker_99,Candidate B,National Democratic Union (NDU),Healthcare,Ignoring public opinion on Healthcare! Candidate B continues to serve special interests rather than ordinary families. @CandidateB,2054,226,Negative
TWT-2026-10919,2026-09-20 21:39:00,@civic_pulse,Candidate C,Reform & Integrity Party (RIP),Infrastructure & Green Energy,Watching Candidate C dodge straightforward questions on Infrastructure & Green Energy was painful. Lack of transparency is alarming! #AccountabilityNow,5988,341,Negative
TWT-2026-10920,2026-09-03 14:11:00,@liberty_lens,Candidate A,Alliance for Progress (AFP),Governance & Ethics,Severe mismanagement in previous terms makes Candidate A unfit to oversee national Governance & Ethics. #NoConfidence,6184,2093,Negative
TWT-2026-10921,2026-09-01 15:17:00,@public_affairs_hub,Candidate C,Reform & Integrity Party (RIP),Education,Yes! Great to see Candidate C gaining strong endorsements from grassroots organizations today.,5714,994,Positive
TWT-2026-10922,2026-08-29 07:25:00,@campaign_beat,Candidate B,National Democratic Union (NDU),National Security,My opinion: Broken promises again. Remember what Candidate B said about National Security two years ago? Never happened.,5352,157,Negative
TWT-2026-10923,2026-08-24 08:35:00,@civic_pulse,Candidate B,National Democratic Union (NDU),Infrastructure & Green Energy,Severe mismanagement in previous terms makes Candidate B unfit to oversee national Infrastructure & Green Energy. #NoConfidence,4710,651,Negative
TWT-2026-10924,2026-09-07 01:29:00,@truth_seeker_99,Candidate A,Alliance for Progress (AFP),Economy & Jobs,"I was undecided until I read Candidate A's policy paper on Economy & Jobs. Transparent, pragmatic, and data-driven! #SmartGovernance",3666,1067,Positive
TWT-2026-10925,2026-08-24 15:20:00,@grassroots_talk,Candidate C,Reform & Integrity Party (RIP),Education,Weak stance on national defense and border security from Candidate C. Compromising our national safety is non-negotiable!,3725,1923,Negative
TWT-2026-10926,2026-08-05 11:57:00,@civic_pulse,Candidate B,National Democratic Union (NDU),Economy & Jobs,"Another empty campaign promise from Candidate B. Talk is cheap, but where is the actual funding for Economy & Jobs? #BrokenPromises",3648,965,Negative
TWT-2026-10927,2026-09-29 07:06:00,@political_insider,Candidate B,National Democratic Union (NDU),Governance & Ethics,Total trainwreck of an interview from @CandidateB. Avoided every tough question about campaign financing.,4508,328,Negative
TWT-2026-10928,2026-09-13 10:16:00,@apex_analyst,Candidate A,Alliance for Progress (AFP),Education,New voter survey released today shows Candidate A holding a 48% approval rating among independent voters. #PollTracker #Data,569,104,Neutral
TWT-2026-10929,2026-09-18 22:47:00,@econ_observer,Candidate C,Reform & Integrity Party (RIP),National Security,Candidate C's track record on corruption and ethical conduct is deeply concerning. Voters deserve better! #EthicsMatter,1591,572,Negative
TWT-2026-10930,2026-08-26 12:52:00,@public_affairs_hub,Candidate B,National Democratic Union (NDU),Economy & Jobs,Rising unemployment numbers prove Candidate B's economic strategy has failed miserably. Time for a change of direction! #JobsCrisis,2338,1427,Negative
TWT-2026-10931,2026-09-30 04:55:00,@pulse_of_nation,Candidate C,Reform & Integrity Party (RIP),Economy & Jobs,Loving Candidate C's honest take on Economy & Jobs. Real solutions rather than empty slogans.,5383,1054,Positive
TWT-2026-10932,2026-09-03 18:50:00,@econ_observer,Candidate A,Alliance for Progress (AFP),Healthcare,A refreshing speech on democratic renewal and ethics from Candidate A. Count me in!,6161,434,Positive
TWT-2026-10933,2026-08-13 13:49:00,@insight_politics,Candidate B,National Democratic Union (NDU),National Security,Official notice: Candidate debate on National Security will be broadcast nationwide with simultaneous sign language interpretation. #Debate2026,358,45,Neutral
TWT-2026-10934,2026-09-06 04:19:00,@voter_forum,Candidate B,National Democratic Union (NDU),Healthcare,The tax burden on small businesses under Candidate B's scheme would shut down thousands of local enterprises! #SaveSmallBiz,3716,131,Negative
TWT-2026-10935,2026-08-27 13:43:00,@national_digest,Candidate A,Alliance for Progress (AFP),Infrastructure & Green Energy,Televised townhall recap: Comparing speaking times of Candidate A and opponents across 5 policy segments.,864,183,Neutral
TWT-2026-10936,2026-09-06 01:59:00,@metro_citizen,Candidate B,National Democratic Union (NDU),National Security,Cost of living is through the roof and Candidate B offers zero practical solutions. What a joke.,2484,1343,Negative
TWT-2026-10937,2026-09-06 12:24:00,@campaign_beat,Candidate A,Alliance for Progress (AFP),Education,Reviewing the key legislative bills co-sponsored by Candidate A between 2022 and 2025 regarding Education.,654,310,Neutral
TWT-2026-10938,2026-08-22 18:28:00,@urban_voter,Candidate B,National Democratic Union (NDU),Economy & Jobs,Solid arguments from @CandidateB tonight. The plan for Economy & Jobs is well thought out and realistic.,3190,390,Positive
TWT-2026-10939,2026-08-03 22:38:00,@citizen_journal,Candidate B,National Democratic Union (NDU),Economy & Jobs,"The debate performance of Candidate B was calm, articulate, and completely decisive on Economy & Jobs. Outstanding! #DebateWinner",879,1387,Positive
TWT-2026-10940,2026-08-15 09:42:00,@truth_seeker_99,Candidate A,Alliance for Progress (AFP),Healthcare,Watching Candidate A dodge straightforward questions on Healthcare was painful. Lack of transparency is alarming! #AccountabilityNow,599,1588,Negative
TWT-2026-10941,2026-08-26 05:07:00,@metro_citizen,Candidate A,Alliance for Progress (AFP),Infrastructure & Green Energy,Just in: Candidate A's latest proposal will drive inflation even higher. Irresponsible spending without any fiscal discipline! #EconomicWarning,3049,53,Negative
TWT-2026-10942,2026-09-27 06:08:00,@campaign_beat,Candidate C,Reform & Integrity Party (RIP),Infrastructure & Green Energy,Loving Candidate C's honest take on Infrastructure & Green Energy. Real solutions rather than empty slogans.,6112,145,Positive
TWT-2026-10943,2026-09-30 09:37:00,@campaign_beat,Candidate B,National Democratic Union (NDU),Infrastructure & Green Energy,"Take note: District polling data updated as of 12 PM: 42% Candidate A, 40% Candidate B, 18% Candidate C or undecided.",690,245,Neutral
TWT-2026-10944,2026-08-29 02:52:00,@pulse_of_nation,Candidate C,Reform & Integrity Party (RIP),National Security,My opinion: Televised townhall recap: Comparing speaking times of Candidate C and opponents across 5 policy segments.,479,143,Neutral
TWT-2026-10945,2026-09-06 01:47:00,@civic_pulse,Candidate C,Reform & Integrity Party (RIP),Healthcare,Total trainwreck of an interview from @CandidateC. Avoided every tough question about campaign financing.,2724,2018,Negative
TWT-2026-10946,2026-09-20 09:25:00,@civic_sentinel,Candidate B,National Democratic Union (NDU),National Security,Ethical governance and complete anti-corruption measures! Exactly why Candidate B deserves to lead this nation! #CleanPolitics,2865,1439,Positive
TWT-2026-10947,2026-09-28 21:11:00,@insight_politics,Candidate A,Alliance for Progress (AFP),Infrastructure & Green Energy,"Terrible debate showing for Candidate A. Aggressive, defensive, and lacking any coherent policy vision on Infrastructure & Green Energy. #DebateLoss",1501,1777,Negative
TWT-2026-10948,2026-08-18 20:34:00,@apex_analyst,Candidate C,Reform & Integrity Party (RIP),Economy & Jobs,My opinion: Severe mismanagement in previous terms makes Candidate C unfit to oversee national Economy & Jobs. #NoConfidence,5753,186,Negative
TWT-2026-10949,2026-08-27 17:07:00,@voter_chronicle,Candidate C,Reform & Integrity Party (RIP),Economy & Jobs,Very poor response from Candidate C regarding the corruption allegations. Silence speaks volumes.,5981,897,Negative
TWT-2026-10950,2026-08-11 08:13:00,@truth_seeker_99,Candidate A,Alliance for Progress (AFP),Economy & Jobs,Total trainwreck of an interview from @CandidateA. Avoided every tough question about campaign financing.,6309,1343,Negative
TWT-2026-10951,2026-09-17 12:54:00,@campaign_beat,Candidate A,Alliance for Progress (AFP),Infrastructure & Green Energy,Deeply disappointed by Candidate A's vague answers on Infrastructure & Green Energy. Zero concrete plans to tackle the crisis! @CandidateA #DebateFail,629,1899,Negative
TWT-2026-10952,2026-08-09 10:42:00,@voter_forum,Candidate B,National Democratic Union (NDU),Economy & Jobs,Candidate B delivered an outstanding speech on Economy & Jobs today! Truly inspiring vision for our future. #Election2026 #Leadership,2077,239,Positive
TWT-2026-10953,2026-08-16 22:28:00,@metro_citizen,Candidate B,National Democratic Union (NDU),Infrastructure & Green Energy,Official notice: Candidate debate on Infrastructure & Green Energy will be broadcast nationwide with simultaneous sign language interpretation. #Debate2026,79,44,Neutral
TWT-2026-10954,2026-08-12 09:07:00,@econ_observer,Candidate B,National Democratic Union (NDU),Education,"Another empty campaign promise from Candidate B. Talk is cheap, but where is the actual funding for Education? #BrokenPromises",1427,81,Negative
TWT-2026-10955,2026-09-13 08:09:00,@election_daily,Candidate C,Reform & Integrity Party (RIP),Infrastructure & Green Energy,"The debate performance of Candidate C was calm, articulate, and completely decisive on Infrastructure & Green Energy. Outstanding! #DebateWinner",660,1380,Positive
TWT-2026-10956,2026-09-04 06:28:00,@insight_politics,Candidate B,National Democratic Union (NDU),Healthcare,"Proud to endorse Candidate B! A visionary roadmap for technology innovation, education, and social welfare. #ForwardTogether",5877,75,Positive
TWT-2026-10957,2026-09-27 03:24:00,@insight_politics,Candidate A,Alliance for Progress (AFP),National Security,Yes! Great to see Candidate A gaining strong endorsements from grassroots organizations today.,5276,1361,Positive
TWT-2026-10958,2026-09-19 06:59:00,@democratic_forum,Candidate B,National Democratic Union (NDU),Infrastructure & Green Energy,Just in: Impressive economic plan presented by Candidate B! Lower inflation and 500k new green jobs is exactly what we need. @CandidateB #Growth,4925,14,Positive
TWT-2026-10959,2026-08-01 10:52:00,@campaign_beat,Candidate B,National Democratic Union (NDU),Healthcare,Candidate B met with university faculty representatives to discuss federal grants for scientific research and Healthcare. #EducationNews,103,10,Neutral
TWT-2026-10960,2026-09-23 21:10:00,@voter_forum,Candidate C,Reform & Integrity Party (RIP),National Security,How can anyone trust Candidate C on National Security when their voting record shows the exact opposite for the past decade? #Hypocrisy,1836,403,Negative
TWT-2026-10961,2026-08-21 17:40:00,@campaign_beat,Candidate A,Alliance for Progress (AFP),Economy & Jobs,Voter sentiment survey across 10 battleground districts shows a statistical dead heat between Candidate A and opponents. #Polls,534,57,Neutral
TWT-2026-10962,2026-08-07 11:20:00,@daily_elector,Candidate C,Reform & Integrity Party (RIP),Healthcare,My opinion: Solid arguments from @CandidateC tonight. The plan for Healthcare is well thought out and realistic.,3261,881,Positive
TWT-2026-10963,2026-08-30 07:04:00,@swing_state_view,Candidate A,Alliance for Progress (AFP),Infrastructure & Green Energy,"Wasteful spending, no fiscal restraint, and reckless slogans from @CandidateA. Hard pass!",2620,57,Negative
TWT-2026-10964,2026-08-27 09:49:00,@civic_sentinel,Candidate B,National Democratic Union (NDU),National Security,My opinion: Ballot counting procedures and independent audit committee verification guidelines published this morning.,387,24,Neutral
TWT-2026-10965,2026-09-08 10:40:00,@insight_politics,Candidate B,National Democratic Union (NDU),Economy & Jobs,"Honestly, District polling data updated as of 12 PM: 42% Candidate A, 40% Candidate B, 18% Candidate C or undecided.",559,293,Neutral
TWT-2026-10966,2026-09-24 21:30:00,@civic_pulse,Candidate B,National Democratic Union (NDU),National Security,"FYI: Clear vision, dignity, and practical execution. Rooting for Candidate B in the upcoming vote!",1113,685,Positive
TWT-2026-10967,2026-09-10 23:14:00,@truth_seeker_99,Candidate B,National Democratic Union (NDU),Economy & Jobs,Shocking lack of empathy from Candidate B today. Clearly disconnected from ordinary realities.,4822,1846,Negative
TWT-2026-10968,2026-09-27 03:19:00,@democratic_forum,Candidate C,Reform & Integrity Party (RIP),National Security,Candidate C delivered an outstanding speech on National Security today! Truly inspiring vision for our future. #Election2026 #Leadership,1930,48,Positive
TWT-2026-10969,2026-09-01 09:12:00,@metro_citizen,Candidate C,Reform & Integrity Party (RIP),Infrastructure & Green Energy,"FYI: Terrible debate showing for Candidate C. Aggressive, defensive, and lacking any coherent policy vision on Infrastructure & Green Energy. #DebateLoss",5107,333,Negative
TWT-2026-10970,2026-09-08 14:47:00,@liberty_lens,Candidate B,National Democratic Union (NDU),Healthcare,"Wasteful spending, no fiscal restraint, and reckless slogans from @CandidateB. Hard pass!",340,983,Negative
TWT-2026-10971,2026-08-27 20:52:00,@apex_analyst,Candidate A,Alliance for Progress (AFP),Education,Ignoring public opinion on Education! Candidate A continues to serve special interests rather than ordinary families. @CandidateA,5302,170,Negative
TWT-2026-10972,2026-08-04 21:15:00,@swing_state_view,Candidate A,Alliance for Progress (AFP),Healthcare,Take note: A refreshing speech on democratic renewal and ethics from Candidate A. Count me in!,2738,706,Positive
TWT-2026-10973,2026-08-21 05:28:00,@urban_voter,Candidate C,Reform & Integrity Party (RIP),National Security,Healthcare accessibility for all citizens! Candidate C has consistently fought for medical reforms. Thank you @CandidateC!,5006,1792,Positive
TWT-2026-10974,2026-09-30 06:08:00,@civic_pulse,Candidate A,Alliance for Progress (AFP),Economy & Jobs,My opinion: Loving Candidate A's honest take on Economy & Jobs. Real solutions rather than empty slogans.,598,399,Positive
TWT-2026-10975,2026-08-28 23:29:00,@apex_analyst,Candidate A,Alliance for Progress (AFP),Governance & Ethics,Solid arguments from @CandidateA tonight. The plan for Governance & Ethics is well thought out and realistic.,1699,488,Positive
TWT-2026-10976,2026-08-20 09:36:00,@election_daily,Candidate A,Alliance for Progress (AFP),National Security,My opinion: Candidate A met with university faculty representatives to discuss federal grants for scientific research and National Security. #EducationNews,260,219,Neutral
TWT-2026-10977,2026-08-24 12:24:00,@daily_elector,Candidate C,Reform & Integrity Party (RIP),Healthcare,Historic infrastructure bill proposed by Candidate C. Investing in high-speed rail and renewable grid is visionary! #GreenFuture,3966,168,Positive
TWT-2026-10978,2026-09-22 15:01:00,@national_digest,Candidate B,National Democratic Union (NDU),Infrastructure & Green Energy,Weak stance on national defense and border security from Candidate B. Compromising our national safety is non-negotiable!,4169,1783,Negative
TWT-2026-10979,2026-09-05 23:11:00,@grassroots_talk,Candidate B,National Democratic Union (NDU),Infrastructure & Green Energy,Just watched the town hall. Candidate B demonstrated remarkable grasp of Infrastructure & Green Energy. They have my full support! #VoterChoice,2484,1223,Positive
TWT-2026-10980,2026-09-08 15:04:00,@liberty_lens,Candidate B,National Democratic Union (NDU),Infrastructure & Green Energy,Statistical breakdown: Comparing historical voter turnout trends with early voting statistics in key swing districts. #ElectionMetrics,474,147,Neutral
TWT-2026-10981,2026-08-01 00:55:00,@truth_seeker_99,Candidate A,Alliance for Progress (AFP),National Security,I cannot believe people are falling for Candidate A's false narratives on National Security. Do your research!,1633,641,Negative
TWT-2026-10982,2026-09-30 12:47:00,@voter_chronicle,Candidate C,Reform & Integrity Party (RIP),National Security,Youth employment initiatives by Candidate C are groundbreaking. Giving the next generation real opportunities! @CandidateC #YouthVote,4050,833,Positive
TWT-2026-10983,2026-08-03 03:24:00,@public_affairs_hub,Candidate B,National Democratic Union (NDU),Infrastructure & Green Energy,Rising unemployment numbers prove Candidate B's economic strategy has failed miserably. Time for a change of direction! #JobsCrisis,5281,299,Negative
TWT-2026-10984,2026-09-01 20:44:00,@voter_chronicle,Candidate A,Alliance for Progress (AFP),Healthcare,Weak stance on national defense and border security from Candidate A. Compromising our national safety is non-negotiable!,2121,1435,Negative
TWT-2026-10985,2026-08-16 15:02:00,@voter_chronicle,Candidate C,Reform & Integrity Party (RIP),Economy & Jobs,"Wasteful spending, no fiscal restraint, and reckless slogans from @CandidateC. Hard pass!",3186,1744,Negative
TWT-2026-10986,2026-08-10 08:38:00,@election_daily,Candidate C,Reform & Integrity Party (RIP),National Security,Best candidate in the race by far. @CandidateC understands our economic challenges.,256,1433,Positive
TWT-2026-10987,2026-09-12 05:00:00,@political_insider,Candidate C,Reform & Integrity Party (RIP),Healthcare,Historic infrastructure bill proposed by Candidate C. Investing in high-speed rail and renewable grid is visionary! #GreenFuture,2051,1238,Positive
TWT-2026-10988,2026-09-27 02:33:00,@campaign_beat,Candidate A,Alliance for Progress (AFP),National Security,Very poor response from Candidate A regarding the corruption allegations. Silence speaks volumes.,3178,1636,Negative
TWT-2026-10989,2026-09-04 21:56:00,@pulse_of_nation,Candidate B,National Democratic Union (NDU),Healthcare,Weak stance on national defense and border security from Candidate B. Compromising our national safety is non-negotiable!,2101,1245,Negative
TWT-2026-10990,2026-09-19 11:52:00,@metro_citizen,Candidate C,Reform & Integrity Party (RIP),Education,Take note: Disagree completely with @CandidateC's authoritarian approach to public education and local governance.,3401,372,Negative
TWT-2026-10991,2026-08-01 05:52:00,@citizen_journal,Candidate B,National Democratic Union (NDU),National Security,"Proud to endorse Candidate B! A visionary roadmap for technology innovation, education, and social welfare. #ForwardTogether",6154,820,Positive
TWT-2026-10992,2026-09-11 09:46:00,@state_observer,Candidate A,Alliance for Progress (AFP),Economy & Jobs,Just watched the town hall. Candidate A demonstrated remarkable grasp of Economy & Jobs. They have my full support! #VoterChoice,5729,860,Positive
TWT-2026-10993,2026-08-12 16:07:00,@election_daily,Candidate A,Alliance for Progress (AFP),Healthcare,Just in: Youth employment initiatives by Candidate A are groundbreaking. Giving the next generation real opportunities! @CandidateA #YouthVote,1551,1446,Positive
TWT-2026-10994,2026-09-21 06:16:00,@state_observer,Candidate C,Reform & Integrity Party (RIP),Healthcare,"Another empty campaign promise from Candidate C. Talk is cheap, but where is the actual funding for Healthcare? #BrokenPromises",1676,249,Negative
TWT-2026-10995,2026-08-06 09:05:00,@pulse_of_nation,Candidate B,National Democratic Union (NDU),National Security,Very optimistic after hearing Candidate B's interview. Sensible policies on National Security for all families.,919,1783,Positive
TWT-2026-10996,2026-08-31 15:43:00,@national_digest,Candidate A,Alliance for Progress (AFP),Education,How can anyone trust Candidate A on Education when their voting record shows the exact opposite for the past decade? #Hypocrisy,2832,129,Negative
TWT-2026-10997,2026-09-20 01:06:00,@campaign_beat,Candidate A,Alliance for Progress (AFP),Economy & Jobs,Candidate A's latest proposal will drive inflation even higher. Irresponsible spending without any fiscal discipline! #EconomicWarning,2209,37,Negative
TWT-2026-10998,2026-08-31 10:38:00,@state_observer,Candidate C,Reform & Integrity Party (RIP),Economy & Jobs,Severe mismanagement in previous terms makes Candidate C unfit to oversee national Economy & Jobs. #NoConfidence,4969,1096,Negative
TWT-2026-10999,2026-09-30 11:42:00,@pulse_of_nation,Candidate B,National Democratic Union (NDU),Education,The latest policy paper from Candidate B reads like a wish list with no real budget arithmetic.,2840,1299,Negative
TWT-2026-11000,2026-08-01 14:55:00,@insight_politics,Candidate B,National Democratic Union (NDU),Governance & Ethics,Candidate B's latest proposal will drive inflation even higher. Irresponsible spending without any fiscal discipline! #EconomicWarning,2946,1360,Negative
TWT-2026-11001,2026-08-18 22:48:00,@democratic_forum,Candidate B,National Democratic Union (NDU),National Security,The proposed cuts to National Security by Candidate B will devastate rural communities. Completely unacceptable! @CandidateB #VoterDiscontent,240,511,Negative
TWT-2026-11002,2026-09-02 13:42:00,@campaign_beat,Candidate B,National Democratic Union (NDU),Infrastructure & Green Energy,Very optimistic after hearing Candidate B's interview. Sensible policies on Infrastructure & Green Energy for all families.,5646,1354,Positive
TWT-2026-11003,2026-08-03 23:20:00,@swing_state_view,Candidate A,Alliance for Progress (AFP),National Security,Strong leadership shown by Candidate A during the national crisis. Integrity and compassion in action! #TrueLeader,161,1302,Positive
TWT-2026-11004,2026-09-20 02:22:00,@state_observer,Candidate B,National Democratic Union (NDU),Healthcare,Shocking lack of empathy from Candidate B today. Clearly disconnected from ordinary realities.,3999,1647,Negative
TWT-2026-11005,2026-08-13 22:09:00,@truth_seeker_99,Candidate B,National Democratic Union (NDU),National Security,Very poor response from Candidate B regarding the corruption allegations. Silence speaks volumes.,852,1584,Negative
TWT-2026-11006,2026-08-06 09:53:00,@swing_state_view,Candidate C,Reform & Integrity Party (RIP),National Security,Yes! Great to see Candidate C gaining strong endorsements from grassroots organizations today.,285,266,Positive
TWT-2026-11007,2026-08-31 21:34:00,@democratic_forum,Candidate C,Reform & Integrity Party (RIP),Infrastructure & Green Energy,"Analysis of the three candidate manifestos regarding Infrastructure & Green Energy: A comparison of tax rates, timeline, and projected GDP impact. #PolicyReview",927,230,Neutral
TWT-2026-11008,2026-08-07 13:45:00,@voter_voice,Candidate A,Alliance for Progress (AFP),Healthcare,"The debate performance of Candidate A was calm, articulate, and completely decisive on Healthcare. Outstanding! #DebateWinner",6195,1356,Positive
TWT-2026-11009,2026-09-12 15:57:00,@swing_state_view,Candidate A,Alliance for Progress (AFP),Education,FYI: Severe mismanagement in previous terms makes Candidate A unfit to oversee national Education. #NoConfidence,6307,1156,Negative
TWT-2026-11010,2026-09-25 07:59:00,@public_affairs_hub,Candidate A,Alliance for Progress (AFP),National Security,FYI: The proposed cuts to National Security by Candidate A will devastate rural communities. Completely unacceptable! @CandidateA #VoterDiscontent,4408,2023,Negative
TWT-2026-11011,2026-09-17 23:46:00,@pulse_of_nation,Candidate C,Reform & Integrity Party (RIP),Economy & Jobs,"Wasteful spending, no fiscal restraint, and reckless slogans from @CandidateC. Hard pass!",2841,1552,Negative
TWT-2026-11012,2026-08-19 02:07:00,@civic_pulse,Candidate C,Reform & Integrity Party (RIP),National Security,"Honestly, Cost of living is through the roof and Candidate C offers zero practical solutions. What a joke.",3609,963,Negative
TWT-2026-11013,2026-08-09 10:24:00,@public_affairs_hub,Candidate B,National Democratic Union (NDU),National Security,Reviewing the key legislative bills co-sponsored by Candidate B between 2022 and 2025 regarding National Security.,202,61,Neutral
TWT-2026-11014,2026-09-24 12:27:00,@liberty_lens,Candidate C,Reform & Integrity Party (RIP),Economy & Jobs,"I was undecided until I read Candidate C's policy paper on Economy & Jobs. Transparent, pragmatic, and data-driven! #SmartGovernance",531,1213,Positive
TWT-2026-11015,2026-08-15 03:25:00,@voter_voice,Candidate B,National Democratic Union (NDU),National Security,Finally a leader who prioritizes National Security. Candidate B's proposed reforms will uplift working families across the country! @CandidateB,4282,1364,Positive
TWT-2026-11016,2026-09-23 07:31:00,@swing_state_view,Candidate C,Reform & Integrity Party (RIP),Infrastructure & Green Energy,Strong leadership shown by Candidate C during the national crisis. Integrity and compassion in action! #TrueLeader,1210,1676,Positive
TWT-2026-11017,2026-09-24 22:02:00,@civic_sentinel,Candidate B,National Democratic Union (NDU),Healthcare,Very optimistic after hearing Candidate B's interview. Sensible policies on Healthcare for all families.,2346,303,Positive
TWT-2026-11018,2026-09-24 22:36:00,@citizen_journal,Candidate B,National Democratic Union (NDU),Education,Total trainwreck of an interview from @CandidateB. Avoided every tough question about campaign financing.,5671,513,Negative
TWT-2026-11019,2026-08-04 10:09:00,@insight_politics,Candidate C,Reform & Integrity Party (RIP),Healthcare,Loving Candidate C's honest take on Healthcare. Real solutions rather than empty slogans.,2412,1447,Positive
TWT-2026-11020,2026-09-24 15:46:00,@pulse_of_nation,Candidate A,Alliance for Progress (AFP),National Security,My opinion: Healthcare accessibility for all citizens! Candidate A has consistently fought for medical reforms. Thank you @CandidateA!,5762,1511,Positive
TWT-2026-11021,2026-08-28 21:30:00,@voter_chronicle,Candidate B,National Democratic Union (NDU),National Security,"The debate performance of Candidate B was calm, articulate, and completely decisive on National Security. Outstanding! #DebateWinner",201,1127,Positive
TWT-2026-11022,2026-09-29 06:44:00,@econ_observer,Candidate B,National Democratic Union (NDU),Infrastructure & Green Energy,How can anyone trust Candidate B on Infrastructure & Green Energy when their voting record shows the exact opposite for the past decade? #Hypocrisy,4354,1167,Negative
TWT-2026-11023,2026-09-15 09:29:00,@urban_voter,Candidate B,National Democratic Union (NDU),Economy & Jobs,The proposed cuts to Economy & Jobs by Candidate B will devastate rural communities. Completely unacceptable! @CandidateB #VoterDiscontent,2679,229,Negative
TWT-2026-11024,2026-09-27 04:13:00,@campaign_beat,Candidate A,Alliance for Progress (AFP),Governance & Ethics,Finally a leader who prioritizes Governance & Ethics. Candidate A's proposed reforms will uplift working families across the country! @CandidateA,3644,1430,Positive
TWT-2026-11025,2026-09-24 18:06:00,@swing_state_view,Candidate C,Reform & Integrity Party (RIP),Healthcare,Registration guidelines for overseas citizen voting and mail-in ballot dispatch timelines posted on official portal.,676,6,Neutral
TWT-2026-11026,2026-08-07 11:30:00,@daily_elector,Candidate A,Alliance for Progress (AFP),Infrastructure & Green Energy,Weak stance on national defense and border security from Candidate A. Compromising our national safety is non-negotiable!,5596,697,Negative
TWT-2026-11027,2026-08-10 20:46:00,@pulse_of_nation,Candidate A,Alliance for Progress (AFP),Economy & Jobs,Summary of candidate remarks regarding agricultural subsidies and regional irrigation projects. #AgriNews,675,175,Neutral
TWT-2026-11028,2026-09-14 19:11:00,@urban_voter,Candidate A,Alliance for Progress (AFP),Economy & Jobs,Huge turnout at the Candidate A rally today! The energy is electric and the momentum is unstoppable! #Election2026,1998,817,Positive
TWT-2026-11029,2026-09-25 20:24:00,@grassroots_talk,Candidate C,Reform & Integrity Party (RIP),Infrastructure & Green Energy,Very poor response from Candidate C regarding the corruption allegations. Silence speaks volumes.,6545,375,Negative
TWT-2026-11030,2026-08-08 15:41:00,@swing_state_view,Candidate C,Reform & Integrity Party (RIP),National Security,"Honestly, Official notice: Candidate debate on National Security will be broadcast nationwide with simultaneous sign language interpretation. #Debate2026",386,7,Neutral
TWT-2026-11031,2026-09-17 03:50:00,@public_affairs_hub,Candidate C,Reform & Integrity Party (RIP),Healthcare,Deeply disappointed by Candidate C's vague answers on Healthcare. Zero concrete plans to tackle the crisis! @CandidateC #DebateFail,4837,1972,Negative
TWT-2026-11032,2026-08-09 03:20:00,@civic_pulse,Candidate A,Alliance for Progress (AFP),Infrastructure & Green Energy,I cannot believe people are falling for Candidate A's false narratives on Infrastructure & Green Energy. Do your research!,5310,1784,Negative
TWT-2026-11033,2026-09-22 17:50:00,@truth_seeker_99,Candidate C,Reform & Integrity Party (RIP),Governance & Ethics,"Another empty campaign promise from Candidate C. Talk is cheap, but where is the actual funding for Governance & Ethics? #BrokenPromises",3350,88,Negative
TWT-2026-11034,2026-08-14 21:57:00,@political_insider,Candidate B,National Democratic Union (NDU),Economy & Jobs,Total trainwreck of an interview from @CandidateB. Avoided every tough question about campaign financing.,4820,516,Negative
TWT-2026-11035,2026-09-21 10:07:00,@policy_watch,Candidate A,Alliance for Progress (AFP),Governance & Ethics,"District polling data updated as of 12 PM: 42% Candidate A, 40% Candidate B, 18% Candidate C or undecided.",194,4,Neutral
TWT-2026-11036,2026-09-24 01:05:00,@political_insider,Candidate A,Alliance for Progress (AFP),Governance & Ethics,FYI: Watching Candidate A dodge straightforward questions on Governance & Ethics was painful. Lack of transparency is alarming! #AccountabilityNow,5376,668,Negative
TWT-2026-11037,2026-09-30 21:00:00,@democratic_forum,Candidate C,Reform & Integrity Party (RIP),Education,Campaign schedule: Candidate C is scheduled to visit three regional manufacturing hubs tomorrow to discuss trade tariffs. @CandidateC,567,89,Neutral
TWT-2026-11038,2026-08-09 18:31:00,@insight_politics,Candidate B,National Democratic Union (NDU),Economy & Jobs,Yes! Great to see Candidate B gaining strong endorsements from grassroots organizations today.,2428,1354,Positive
TWT-2026-11039,2026-09-12 01:15:00,@policy_watch,Candidate B,National Democratic Union (NDU),Governance & Ethics,"Honestly, Unrealistic claims from Candidate B! You cannot simultaneously cut revenues and promise massive subsidies in Governance & Ethics. Pure fantasy!",4995,2099,Negative
TWT-2026-11040,2026-08-14 18:22:00,@grassroots_talk,Candidate A,Alliance for Progress (AFP),Healthcare,Rising unemployment numbers prove Candidate A's economic strategy has failed miserably. Time for a change of direction! #JobsCrisis,1793,557,Negative
TWT-2026-11041,2026-08-17 12:41:00,@daily_elector,Candidate A,Alliance for Progress (AFP),National Security,Very optimistic after hearing Candidate A's interview. Sensible policies on National Security for all families.,3482,157,Positive
TWT-2026-11042,2026-09-14 04:34:00,@campaign_beat,Candidate B,National Democratic Union (NDU),Infrastructure & Green Energy,Just watched the town hall. Candidate B demonstrated remarkable grasp of Infrastructure & Green Energy. They have my full support! #VoterChoice,2107,1390,Positive
TWT-2026-11043,2026-09-06 21:41:00,@truth_seeker_99,Candidate A,Alliance for Progress (AFP),National Security,Disagree completely with @CandidateA's authoritarian approach to public education and local governance.,2236,797,Negative
TWT-2026-11044,2026-09-20 13:24:00,@voter_voice,Candidate C,Reform & Integrity Party (RIP),Healthcare,Voter sentiment survey across 10 battleground districts shows a statistical dead heat between Candidate C and opponents. #Polls,851,80,Neutral
TWT-2026-11045,2026-09-13 17:26:00,@civic_pulse,Candidate C,Reform & Integrity Party (RIP),Healthcare,Just watched the town hall. Candidate C demonstrated remarkable grasp of Healthcare. They have my full support! #VoterChoice,2237,260,Positive
TWT-2026-11046,2026-08-10 07:17:00,@voter_voice,Candidate B,National Democratic Union (NDU),National Security,"Both parties met today to finalize the debate rules covering National Security, foreign policy, and federal budget allocations. #Campaign2026",381,172,Neutral
TWT-2026-11047,2026-08-08 05:33:00,@voter_forum,Candidate A,Alliance for Progress (AFP),Infrastructure & Green Energy,Live coverage: Press conference by Candidate A answering questions regarding recent bipartisan committee findings on Infrastructure & Green Energy.,397,55,Neutral
TWT-2026-11048,2026-09-25 09:35:00,@grassroots_talk,Candidate B,National Democratic Union (NDU),Governance & Ethics,I cannot believe people are falling for Candidate B's false narratives on Governance & Ethics. Do your research!,812,1437,Negative
TWT-2026-11049,2026-08-25 05:22:00,@voter_forum,Candidate C,Reform & Integrity Party (RIP),Economy & Jobs,Candidate C's latest proposal will drive inflation even higher. Irresponsible spending without any fiscal discipline! #EconomicWarning,1428,1310,Negative
TWT-2026-11050,2026-08-09 08:00:00,@swing_state_view,Candidate C,Reform & Integrity Party (RIP),Governance & Ethics,Cost of living is through the roof and Candidate C offers zero practical solutions. What a joke.,4901,1657,Negative
TWT-2026-11051,2026-09-17 08:03:00,@voter_forum,Candidate C,Reform & Integrity Party (RIP),National Security,Take note: Voter registration deadline is in two weeks. Check your polling precinct and local ballot measures online. #VoterInfo #Democracy,683,66,Neutral
TWT-2026-11052,2026-08-27 22:29:00,@daily_elector,Candidate C,Reform & Integrity Party (RIP),Education,Very poor response from Candidate C regarding the corruption allegations. Silence speaks volumes.,6399,1028,Negative
TWT-2026-11053,2026-08-28 16:45:00,@democratic_forum,Candidate B,National Democratic Union (NDU),Education,The tax burden on small businesses under Candidate B's scheme would shut down thousands of local enterprises! #SaveSmallBiz,4144,1182,Negative
TWT-2026-11054,2026-09-24 02:40:00,@civic_pulse,Candidate B,National Democratic Union (NDU),National Security,Just watched the town hall. Candidate B demonstrated remarkable grasp of National Security. They have my full support! #VoterChoice,2528,837,Positive
TWT-2026-11055,2026-08-06 23:18:00,@econ_observer,Candidate A,Alliance for Progress (AFP),National Security,Healthcare accessibility for all citizens! Candidate A has consistently fought for medical reforms. Thank you @CandidateA!,792,343,Positive
TWT-2026-11056,2026-08-09 15:31:00,@truth_seeker_99,Candidate B,National Democratic Union (NDU),Economy & Jobs,Voter sentiment survey across 10 battleground districts shows a statistical dead heat between Candidate B and opponents. #Polls,703,262,Neutral
TWT-2026-11057,2026-09-09 06:58:00,@voter_forum,Candidate C,Reform & Integrity Party (RIP),National Security,Round 2 of bipartisan town hall discussions scheduled for next Wednesday at 6 PM. Moderated by civic forum.,724,65,Neutral
TWT-2026-11058,2026-08-16 23:42:00,@truth_seeker_99,Candidate A,Alliance for Progress (AFP),National Security,Voter sentiment survey across 10 battleground districts shows a statistical dead heat between Candidate A and opponents. #Polls,729,275,Neutral
TWT-2026-11059,2026-09-13 16:57:00,@democratic_forum,Candidate C,Reform & Integrity Party (RIP),Governance & Ethics,New voter survey released today shows Candidate C holding a 48% approval rating among independent voters. #PollTracker #Data,631,231,Neutral
TWT-2026-11060,2026-08-04 13:31:00,@pulse_of_nation,Candidate A,Alliance for Progress (AFP),Economy & Jobs,Youth employment initiatives by Candidate A are groundbreaking. Giving the next generation real opportunities! @CandidateA #YouthVote,1117,1057,Positive
TWT-2026-11061,2026-09-24 03:18:00,@apex_analyst,Candidate A,Alliance for Progress (AFP),Education,Major blunders in today's press conference by Candidate A. Completely out of touch with the struggles of working people! #Election2026,2798,1031,Negative
TWT-2026-11062,2026-09-06 12:13:00,@apex_analyst,Candidate B,National Democratic Union (NDU),Education,Candidate B's track record on corruption and ethical conduct is deeply concerning. Voters deserve better! #EthicsMatter,1775,17,Negative
TWT-2026-11063,2026-08-04 11:00:00,@civic_sentinel,Candidate C,Reform & Integrity Party (RIP),Governance & Ethics,New voter survey released today shows Candidate C holding a 48% approval rating among independent voters. #PollTracker #Data,484,318,Neutral
TWT-2026-11064,2026-08-26 11:00:00,@political_insider,Candidate B,National Democratic Union (NDU),Education,My opinion: Rising unemployment numbers prove Candidate B's economic strategy has failed miserably. Time for a change of direction! #JobsCrisis,2929,446,Negative
TWT-2026-11065,2026-09-28 15:00:00,@metro_citizen,Candidate B,National Democratic Union (NDU),Infrastructure & Green Energy,Watching Candidate B dodge straightforward questions on Infrastructure & Green Energy was painful. Lack of transparency is alarming! #AccountabilityNow,724,637,Negative
TWT-2026-11066,2026-08-24 13:57:00,@daily_elector,Candidate C,Reform & Integrity Party (RIP),Education,Live coverage: Press conference by Candidate C answering questions regarding recent bipartisan committee findings on Education.,491,204,Neutral
TWT-2026-11067,2026-09-17 13:00:00,@voter_chronicle,Candidate C,Reform & Integrity Party (RIP),Education,FYI: Candidate C submitted the official campaign expenditure statement to the election commission yesterday afternoon. @CandidateC,459,226,Neutral
TWT-2026-11068,2026-08-27 23:21:00,@policy_watch,Candidate C,Reform & Integrity Party (RIP),Healthcare,Just in: Major blunders in today's press conference by Candidate C. Completely out of touch with the struggles of working people! #Election2026,1582,1174,Negative
TWT-2026-11069,2026-09-05 15:51:00,@swing_state_view,Candidate A,Alliance for Progress (AFP),National Security,Just in: Watching Candidate A dodge straightforward questions on National Security was painful. Lack of transparency is alarming! #AccountabilityNow,3956,1096,Negative
TWT-2026-11070,2026-08-26 16:46:00,@voter_forum,Candidate C,Reform & Integrity Party (RIP),Healthcare,Strong leadership shown by Candidate C during the national crisis. Integrity and compassion in action! #TrueLeader,6177,1570,Positive
TWT-2026-11071,2026-08-23 16:00:00,@national_digest,Candidate B,National Democratic Union (NDU),Healthcare,My opinion: Huge turnout at the Candidate B rally today! The energy is electric and the momentum is unstoppable! #Election2026,908,1628,Positive
TWT-2026-11072,2026-09-08 23:00:00,@state_observer,Candidate C,Reform & Integrity Party (RIP),Healthcare,Impressive economic plan presented by Candidate C! Lower inflation and 500k new green jobs is exactly what we need. @CandidateC #Growth,5581,1704,Positive
TWT-2026-11073,2026-08-16 19:09:00,@voter_forum,Candidate B,National Democratic Union (NDU),Education,Statistical breakdown: Comparing historical voter turnout trends with early voting statistics in key swing districts. #ElectionMetrics,507,44,Neutral
TWT-2026-11074,2026-09-14 07:42:00,@state_observer,Candidate C,Reform & Integrity Party (RIP),Healthcare,"Terrible debate showing for Candidate C. Aggressive, defensive, and lacking any coherent policy vision on Healthcare. #DebateLoss",2333,479,Negative
TWT-2026-11075,2026-09-02 19:11:00,@campaign_beat,Candidate A,Alliance for Progress (AFP),Infrastructure & Green Energy,Very poor response from Candidate A regarding the corruption allegations. Silence speaks volumes.,6442,430,Negative
TWT-2026-11076,2026-08-03 08:12:00,@metro_citizen,Candidate C,Reform & Integrity Party (RIP),National Security,"Just in: Wasteful spending, no fiscal restraint, and reckless slogans from @CandidateC. Hard pass!",1248,947,Negative
TWT-2026-11077,2026-08-25 13:33:00,@apex_analyst,Candidate B,National Democratic Union (NDU),Economy & Jobs,Very optimistic after hearing Candidate B's interview. Sensible policies on Economy & Jobs for all families.,1660,191,Positive
TWT-2026-11078,2026-08-04 16:27:00,@urban_voter,Candidate C,Reform & Integrity Party (RIP),National Security,Healthcare accessibility for all citizens! Candidate C has consistently fought for medical reforms. Thank you @CandidateC!,1841,693,Positive
TWT-2026-11079,2026-08-23 22:26:00,@democratic_forum,Candidate A,Alliance for Progress (AFP),Education,Major blunders in today's press conference by Candidate A. Completely out of touch with the struggles of working people! #Election2026,2235,1497,Negative
TWT-2026-11080,2026-08-14 09:30:00,@grassroots_talk,Candidate B,National Democratic Union (NDU),Economy & Jobs,"FYI: The debate performance of Candidate B was calm, articulate, and completely decisive on Economy & Jobs. Outstanding! #DebateWinner",359,6,Positive
TWT-2026-11081,2026-08-24 10:19:00,@political_insider,Candidate C,Reform & Integrity Party (RIP),Economy & Jobs,Weak stance on national defense and border security from Candidate C. Compromising our national safety is non-negotiable!,1544,1041,Negative
TWT-2026-11082,2026-08-09 10:23:00,@voter_forum,Candidate A,Alliance for Progress (AFP),National Security,Candidate A delivered an outstanding speech on National Security today! Truly inspiring vision for our future. #Election2026 #Leadership,5619,1135,Positive
TWT-2026-11083,2026-09-11 08:13:00,@public_affairs_hub,Candidate B,National Democratic Union (NDU),National Security,Reviewing the key legislative bills co-sponsored by Candidate B between 2022 and 2025 regarding National Security.,551,311,Neutral
TWT-2026-11084,2026-09-28 20:52:00,@campaign_beat,Candidate B,National Democratic Union (NDU),Economy & Jobs,Take note: Candidate B submitted the official campaign expenditure statement to the election commission yesterday afternoon. @CandidateB,143,310,Neutral
TWT-2026-11085,2026-09-09 10:19:00,@voter_forum,Candidate A,Alliance for Progress (AFP),National Security,Ethical governance and complete anti-corruption measures! Exactly why Candidate A deserves to lead this nation! #CleanPolitics,833,158,Positive
TWT-2026-11086,2026-08-27 17:45:00,@grassroots_talk,Candidate B,National Democratic Union (NDU),Healthcare,My opinion: Cost of living is through the roof and Candidate B offers zero practical solutions. What a joke.,5934,637,Negative
TWT-2026-11087,2026-08-05 15:26:00,@truth_seeker_99,Candidate C,Reform & Integrity Party (RIP),Education,Unrealistic claims from Candidate C! You cannot simultaneously cut revenues and promise massive subsidies in Education. Pure fantasy!,3703,488,Negative
TWT-2026-11088,2026-08-09 09:02:00,@public_affairs_hub,Candidate C,Reform & Integrity Party (RIP),Economy & Jobs,"The debate performance of Candidate C was calm, articulate, and completely decisive on Economy & Jobs. Outstanding! #DebateWinner",4933,566,Positive
TWT-2026-11089,2026-09-13 17:55:00,@truth_seeker_99,Candidate A,Alliance for Progress (AFP),National Security,"Proud to endorse Candidate A! A visionary roadmap for technology innovation, education, and social welfare. #ForwardTogether",6092,1673,Positive
TWT-2026-11090,2026-09-19 12:25:00,@civic_sentinel,Candidate A,Alliance for Progress (AFP),Healthcare,The tax burden on small businesses under Candidate A's scheme would shut down thousands of local enterprises! #SaveSmallBiz,6179,2094,Negative
TWT-2026-11091,2026-09-07 22:00:00,@truth_seeker_99,Candidate B,National Democratic Union (NDU),Healthcare,"The debate performance of Candidate B was calm, articulate, and completely decisive on Healthcare. Outstanding! #DebateWinner",54,332,Positive
TWT-2026-11092,2026-09-24 07:18:00,@insight_politics,Candidate B,National Democratic Union (NDU),Governance & Ethics,"Clear vision, dignity, and practical execution. Rooting for Candidate B in the upcoming vote!",5927,1080,Positive
TWT-2026-11093,2026-08-19 01:40:00,@metro_citizen,Candidate B,National Democratic Union (NDU),Governance & Ethics,My opinion: Candidate B submitted the official campaign expenditure statement to the election commission yesterday afternoon. @CandidateB,185,116,Neutral
TWT-2026-11094,2026-09-22 06:34:00,@political_insider,Candidate B,National Democratic Union (NDU),Healthcare,Historic infrastructure bill proposed by Candidate B. Investing in high-speed rail and renewable grid is visionary! #GreenFuture,447,1320,Positive
TWT-2026-11095,2026-08-21 02:45:00,@econ_observer,Candidate A,Alliance for Progress (AFP),National Security,Campaign schedule: Candidate A is scheduled to visit three regional manufacturing hubs tomorrow to discuss trade tariffs. @CandidateA,657,311,Neutral
TWT-2026-11096,2026-08-04 20:52:00,@voter_voice,Candidate B,National Democratic Union (NDU),National Security,The proposed cuts to National Security by Candidate B will devastate rural communities. Completely unacceptable! @CandidateB #VoterDiscontent,3375,1215,Negative
TWT-2026-11097,2026-08-02 17:42:00,@national_digest,Candidate B,National Democratic Union (NDU),Healthcare,A refreshing speech on democratic renewal and ethics from Candidate B. Count me in!,2316,366,Positive
TWT-2026-11098,2026-08-17 20:40:00,@civic_sentinel,Candidate C,Reform & Integrity Party (RIP),Economy & Jobs,Registration guidelines for overseas citizen voting and mail-in ballot dispatch timelines posted on official portal.,773,197,Neutral
TWT-2026-11099,2026-09-07 20:51:00,@national_digest,Candidate C,Reform & Integrity Party (RIP),Healthcare,Ethical governance and complete anti-corruption measures! Exactly why Candidate C deserves to lead this nation! #CleanPolitics,1832,669,Positive
TWT-2026-11100,2026-09-27 15:05:00,@citizen_journal,Candidate B,National Democratic Union (NDU),Healthcare,The tax burden on small businesses under Candidate B's scheme would shut down thousands of local enterprises! #SaveSmallBiz,1928,1785,Negative
TWT-2026-11101,2026-09-30 23:11:00,@urban_voter,Candidate A,Alliance for Progress (AFP),Infrastructure & Green Energy,"Just in: Analysis of the three candidate manifestos regarding Infrastructure & Green Energy: A comparison of tax rates, timeline, and projected GDP impact. #PolicyReview",845,92,Neutral
TWT-2026-11102,2026-09-13 19:12:00,@civic_pulse,Candidate B,National Democratic Union (NDU),Economy & Jobs,Rising unemployment numbers prove Candidate B's economic strategy has failed miserably. Time for a change of direction! #JobsCrisis,1364,735,Negative
TWT-2026-11103,2026-08-26 03:46:00,@truth_seeker_99,Candidate A,Alliance for Progress (AFP),Economy & Jobs,Weak stance on national defense and border security from Candidate A. Compromising our national safety is non-negotiable!,2039,1871,Negative
TWT-2026-11104,2026-08-02 03:52:00,@voter_voice,Candidate A,Alliance for Progress (AFP),National Security,Candidate A delivered an outstanding speech on National Security today! Truly inspiring vision for our future. #Election2026 #Leadership,4967,209,Positive
TWT-2026-11105,2026-09-30 20:38:00,@voter_voice,Candidate C,Reform & Integrity Party (RIP),Economy & Jobs,My opinion: Finally a leader who prioritizes Economy & Jobs. Candidate C's proposed reforms will uplift working families across the country! @CandidateC,2059,1582,Positive
TWT-2026-11106,2026-08-06 06:08:00,@citizen_journal,Candidate A,Alliance for Progress (AFP),Economy & Jobs,Cost of living is through the roof and Candidate A offers zero practical solutions. What a joke.,6060,1394,Negative
TWT-2026-11107,2026-08-16 01:34:00,@insight_politics,Candidate C,Reform & Integrity Party (RIP),Infrastructure & Green Energy,"The debate performance of Candidate C was calm, articulate, and completely decisive on Infrastructure & Green Energy. Outstanding! #DebateWinner",2543,684,Positive
TWT-2026-11108,2026-08-07 17:18:00,@political_insider,Candidate B,National Democratic Union (NDU),National Security,Round 2 of bipartisan town hall discussions scheduled for next Wednesday at 6 PM. Moderated by civic forum.,136,12,Neutral
TWT-2026-11109,2026-08-25 04:22:00,@urban_voter,Candidate C,Reform & Integrity Party (RIP),Infrastructure & Green Energy,Just in: Finally a leader who prioritizes Infrastructure & Green Energy. Candidate C's proposed reforms will uplift working families across the country! @CandidateC,34,464,Positive
TWT-2026-11110,2026-09-22 03:31:00,@daily_elector,Candidate B,National Democratic Union (NDU),Healthcare,Best candidate in the race by far. @CandidateB understands our economic challenges.,3176,1411,Positive
TWT-2026-11111,2026-08-08 11:59:00,@civic_pulse,Candidate A,Alliance for Progress (AFP),Healthcare,FYI: Candidate A submitted the official campaign expenditure statement to the election commission yesterday afternoon. @CandidateA,298,184,Neutral
TWT-2026-11112,2026-09-08 05:43:00,@state_observer,Candidate A,Alliance for Progress (AFP),Governance & Ethics,Voter registration deadline is in two weeks. Check your polling precinct and local ballot measures online. #VoterInfo #Democracy,192,221,Neutral
TWT-2026-11113,2026-08-07 08:58:00,@citizen_journal,Candidate A,Alliance for Progress (AFP),National Security,Televised townhall recap: Comparing speaking times of Candidate A and opponents across 5 policy segments.,318,148,Neutral
TWT-2026-11114,2026-09-25 04:49:00,@urban_voter,Candidate C,Reform & Integrity Party (RIP),Education,Candidate C's track record on corruption and ethical conduct is deeply concerning. Voters deserve better! #EthicsMatter,6671,320,Negative
TWT-2026-11115,2026-09-20 15:52:00,@civic_pulse,Candidate A,Alliance for Progress (AFP),Education,The proposed cuts to Education by Candidate A will devastate rural communities. Completely unacceptable! @CandidateA #VoterDiscontent,3229,1837,Negative
TWT-2026-11116,2026-08-09 05:49:00,@pulse_of_nation,Candidate A,Alliance for Progress (AFP),Governance & Ethics,FYI: Voter sentiment survey across 10 battleground districts shows a statistical dead heat between Candidate A and opponents. #Polls,754,144,Neutral
TWT-2026-11117,2026-08-27 19:50:00,@urban_voter,Candidate B,National Democratic Union (NDU),Education,Loving Candidate B's honest take on Education. Real solutions rather than empty slogans.,3497,990,Positive
TWT-2026-11118,2026-09-01 17:34:00,@citizen_journal,Candidate B,National Democratic Union (NDU),Healthcare,Kudos to Candidate B for addressing rural healthcare and small businesses head on!,2039,789,Positive
TWT-2026-11119,2026-08-27 16:36:00,@national_digest,Candidate C,Reform & Integrity Party (RIP),Governance & Ethics,"Terrible debate showing for Candidate C. Aggressive, defensive, and lacking any coherent policy vision on Governance & Ethics. #DebateLoss",3180,350,Negative
TWT-2026-11120,2026-08-14 00:23:00,@econ_observer,Candidate C,Reform & Integrity Party (RIP),National Security,"Honestly, Healthcare accessibility for all citizens! Candidate C has consistently fought for medical reforms. Thank you @CandidateC!",5784,183,Positive
TWT-2026-11121,2026-09-24 04:18:00,@election_daily,Candidate B,National Democratic Union (NDU),Healthcare,Huge turnout at the Candidate B rally today! The energy is electric and the momentum is unstoppable! #Election2026,513,720,Positive
TWT-2026-11122,2026-08-04 23:08:00,@political_insider,Candidate A,Alliance for Progress (AFP),Governance & Ethics,Education funding increase without raising middle-class taxes? Candidate A actually found a viable budget surplus solution!,2011,436,Positive
TWT-2026-11123,2026-08-28 11:03:00,@insight_politics,Candidate C,Reform & Integrity Party (RIP),National Security,Voter registration deadline is in two weeks. Check your polling precinct and local ballot measures online. #VoterInfo #Democracy,396,15,Neutral
TWT-2026-11124,2026-09-25 05:01:00,@metro_citizen,Candidate A,Alliance for Progress (AFP),National Security,Reviewing the key legislative bills co-sponsored by Candidate A between 2022 and 2025 regarding National Security.,85,246,Neutral
TWT-2026-11125,2026-08-10 05:30:00,@voter_forum,Candidate B,National Democratic Union (NDU),Healthcare,Just in: Just watched the town hall. Candidate B demonstrated remarkable grasp of Healthcare. They have my full support! #VoterChoice,2032,162,Positive
TWT-2026-11126,2026-09-16 10:28:00,@urban_voter,Candidate A,Alliance for Progress (AFP),National Security,Summary of candidate remarks regarding agricultural subsidies and regional irrigation projects. #AgriNews,725,155,Neutral
TWT-2026-11127,2026-09-08 05:32:00,@daily_elector,Candidate C,Reform & Integrity Party (RIP),Economy & Jobs,"Honestly, Statistical breakdown: Comparing historical voter turnout trends with early voting statistics in key swing districts. #ElectionMetrics",123,81,Neutral
TWT-2026-11128,2026-09-23 08:58:00,@public_affairs_hub,Candidate A,Alliance for Progress (AFP),Infrastructure & Green Energy,Weak stance on national defense and border security from Candidate A. Compromising our national safety is non-negotiable!,5599,1868,Negative
TWT-2026-11129,2026-08-18 02:33:00,@pulse_of_nation,Candidate C,Reform & Integrity Party (RIP),Education,"Clear vision, dignity, and practical execution. Rooting for Candidate C in the upcoming vote!",1887,872,Positive
TWT-2026-11130,2026-08-12 23:35:00,@civic_sentinel,Candidate A,Alliance for Progress (AFP),National Security,"Just in: Proud to endorse Candidate A! A visionary roadmap for technology innovation, education, and social welfare. #ForwardTogether",3305,1272,Positive
TWT-2026-11131,2026-08-26 12:10:00,@policy_watch,Candidate A,Alliance for Progress (AFP),National Security,The tax burden on small businesses under Candidate A's scheme would shut down thousands of local enterprises! #SaveSmallBiz,3940,1290,Negative
TWT-2026-11132,2026-08-24 19:49:00,@liberty_lens,Candidate B,National Democratic Union (NDU),National Security,"Honestly, Education funding increase without raising middle-class taxes? Candidate B actually found a viable budget surplus solution!",1620,557,Positive
TWT-2026-11133,2026-08-01 09:12:00,@econ_observer,Candidate A,Alliance for Progress (AFP),Healthcare,Take note: Rising unemployment numbers prove Candidate A's economic strategy has failed miserably. Time for a change of direction! #JobsCrisis,1363,444,Negative
TWT-2026-11134,2026-09-06 01:36:00,@citizen_journal,Candidate A,Alliance for Progress (AFP),National Security,Take note: Impressive economic plan presented by Candidate A! Lower inflation and 500k new green jobs is exactly what we need. @CandidateA #Growth,1993,556,Positive
TWT-2026-11135,2026-09-18 09:25:00,@truth_seeker_99,Candidate A,Alliance for Progress (AFP),Economy & Jobs,FYI: The parliamentary committee report on Economy & Jobs was reviewed by Candidate A's advisory team earlier today. #PolicyReport,105,160,Neutral
TWT-2026-11136,2026-09-14 21:06:00,@liberty_lens,Candidate A,Alliance for Progress (AFP),Education,Fact-checking the claims made during yesterday's round-table discussion on Education and public expenditure. #FactCheck,753,184,Neutral
TWT-2026-11137,2026-08-10 00:37:00,@pulse_of_nation,Candidate B,National Democratic Union (NDU),National Security,Yes! Great to see Candidate B gaining strong endorsements from grassroots organizations today.,852,1033,Positive
TWT-2026-11138,2026-08-06 20:05:00,@insight_politics,Candidate B,National Democratic Union (NDU),Governance & Ethics,Just in: Impressive economic plan presented by Candidate B! Lower inflation and 500k new green jobs is exactly what we need. @CandidateB #Growth,2401,335,Positive
TWT-2026-11139,2026-08-11 16:33:00,@voter_forum,Candidate A,Alliance for Progress (AFP),Healthcare,Televised townhall recap: Comparing speaking times of Candidate A and opponents across 5 policy segments.,679,74,Neutral
TWT-2026-11140,2026-08-22 09:23:00,@civic_sentinel,Candidate C,Reform & Integrity Party (RIP),National Security,Yes! Great to see Candidate C gaining strong endorsements from grassroots organizations today.,2821,921,Positive
TWT-2026-11141,2026-09-08 02:09:00,@public_affairs_hub,Candidate B,National Democratic Union (NDU),Economy & Jobs,"Take note: Clear vision, dignity, and practical execution. Rooting for Candidate B in the upcoming vote!",5619,798,Positive
TWT-2026-11142,2026-09-05 02:31:00,@political_insider,Candidate C,Reform & Integrity Party (RIP),Infrastructure & Green Energy,FYI: Major blunders in today's press conference by Candidate C. Completely out of touch with the struggles of working people! #Election2026,6622,69,Negative
TWT-2026-11143,2026-08-24 11:05:00,@civic_pulse,Candidate B,National Democratic Union (NDU),Education,"Take note: Analysis of the three candidate manifestos regarding Education: A comparison of tax rates, timeline, and projected GDP impact. #PolicyReview",312,84,Neutral
TWT-2026-11144,2026-09-18 14:41:00,@metro_citizen,Candidate A,Alliance for Progress (AFP),National Security,Ethical governance and complete anti-corruption measures! Exactly why Candidate A deserves to lead this nation! #CleanPolitics,2138,974,Positive
TWT-2026-11145,2026-08-26 13:54:00,@civic_sentinel,Candidate A,Alliance for Progress (AFP),Governance & Ethics,The election commission released the final list of polling venues and security protocols for district 4. #ElectionNotice,50,188,Neutral
TWT-2026-11146,2026-09-13 13:32:00,@election_daily,Candidate C,Reform & Integrity Party (RIP),Healthcare,The tax burden on small businesses under Candidate C's scheme would shut down thousands of local enterprises! #SaveSmallBiz,3034,1292,Negative
TWT-2026-11147,2026-08-16 22:52:00,@econ_observer,Candidate B,National Democratic Union (NDU),National Security,New voter survey released today shows Candidate B holding a 48% approval rating among independent voters. #PollTracker #Data,645,31,Neutral
TWT-2026-11148,2026-09-24 02:14:00,@pulse_of_nation,Candidate A,Alliance for Progress (AFP),Healthcare,Just in: Candidate A submitted the official campaign expenditure statement to the election commission yesterday afternoon. @CandidateA,307,194,Neutral
TWT-2026-11149,2026-09-04 14:06:00,@civic_pulse,Candidate B,National Democratic Union (NDU),National Security,"Both parties met today to finalize the debate rules covering National Security, foreign policy, and federal budget allocations. #Campaign2026",367,240,Neutral
TWT-2026-11150,2026-08-05 10:21:00,@civic_sentinel,Candidate A,Alliance for Progress (AFP),National Security,FYI: Major blunders in today's press conference by Candidate A. Completely out of touch with the struggles of working people! #Election2026,3281,1782,Negative
TWT-2026-11151,2026-08-03 17:09:00,@citizen_journal,Candidate B,National Democratic Union (NDU),Healthcare,Just in: Very poor response from Candidate B regarding the corruption allegations. Silence speaks volumes.,6102,1958,Negative
TWT-2026-11152,2026-09-19 12:03:00,@voter_chronicle,Candidate A,Alliance for Progress (AFP),National Security,"Take note: Proud to endorse Candidate A! A visionary roadmap for technology innovation, education, and social welfare. #ForwardTogether",2647,1168,Positive
TWT-2026-11153,2026-09-30 21:27:00,@grassroots_talk,Candidate B,National Democratic Union (NDU),Infrastructure & Green Energy,Candidate B met with university faculty representatives to discuss federal grants for scientific research and Infrastructure & Green Energy. #EducationNews,65,110,Neutral
TWT-2026-11154,2026-08-06 09:55:00,@insight_politics,Candidate B,National Democratic Union (NDU),National Security,"Just in: Another empty campaign promise from Candidate B. Talk is cheap, but where is the actual funding for National Security? #BrokenPromises",714,588,Negative
TWT-2026-11155,2026-08-12 01:05:00,@state_observer,Candidate B,National Democratic Union (NDU),Infrastructure & Green Energy,Yes! Great to see Candidate B gaining strong endorsements from grassroots organizations today.,1778,1376,Positive
TWT-2026-11156,2026-08-31 15:34:00,@insight_politics,Candidate B,National Democratic Union (NDU),Education,"Analysis of the three candidate manifestos regarding Education: A comparison of tax rates, timeline, and projected GDP impact. #PolicyReview",213,180,Neutral
TWT-2026-11157,2026-09-05 19:12:00,@civic_pulse,Candidate A,Alliance for Progress (AFP),National Security,Weak stance on national defense and border security from Candidate A. Compromising our national safety is non-negotiable!,2935,1601,Negative
TWT-2026-11158,2026-09-22 23:47:00,@voter_forum,Candidate C,Reform & Integrity Party (RIP),National Security,Inspiring words from Candidate C at the community rally. Let's make this win happen!,5075,301,Positive
TWT-2026-11159,2026-09-01 10:07:00,@swing_state_view,Candidate C,Reform & Integrity Party (RIP),Education,Election Update: Candidate C will hold a policy address on Education this Thursday at 3 PM EST. Coverage streaming live on channel 4. #ElectionUpdate,164,236,Neutral
TWT-2026-11160,2026-09-30 04:40:00,@election_daily,Candidate B,National Democratic Union (NDU),Education,Yes! Great to see Candidate B gaining strong endorsements from grassroots organizations today.,5941,12,Positive
TWT-2026-11161,2026-08-13 13:44:00,@econ_observer,Candidate C,Reform & Integrity Party (RIP),Governance & Ethics,Huge turnout at the Candidate C rally today! The energy is electric and the momentum is unstoppable! #Election2026,323,452,Positive
TWT-2026-11162,2026-09-13 18:00:00,@voter_chronicle,Candidate A,Alliance for Progress (AFP),Governance & Ethics,My opinion: Fact-checking the claims made during yesterday's round-table discussion on Governance & Ethics and public expenditure. #FactCheck,231,180,Neutral
TWT-2026-11163,2026-08-08 22:31:00,@urban_voter,Candidate B,National Democratic Union (NDU),Economy & Jobs,Rising unemployment numbers prove Candidate B's economic strategy has failed miserably. Time for a change of direction! #JobsCrisis,2544,2064,Negative
TWT-2026-11164,2026-08-28 16:48:00,@liberty_lens,Candidate B,National Democratic Union (NDU),Infrastructure & Green Energy,Education funding increase without raising middle-class taxes? Candidate B actually found a viable budget surplus solution!,2906,726,Positive
TWT-2026-11165,2026-08-11 17:27:00,@pulse_of_nation,Candidate A,Alliance for Progress (AFP),Healthcare,Take note: Ethical governance and complete anti-corruption measures! Exactly why Candidate A deserves to lead this nation! #CleanPolitics,3534,769,Positive
TWT-2026-11166,2026-09-14 19:59:00,@political_insider,Candidate B,National Democratic Union (NDU),National Security,"District polling data updated as of 12 PM: 42% Candidate A, 40% Candidate B, 18% Candidate C or undecided.",706,225,Neutral
TWT-2026-11167,2026-08-27 03:31:00,@voter_forum,Candidate A,Alliance for Progress (AFP),Economy & Jobs,How can anyone trust Candidate A on Economy & Jobs when their voting record shows the exact opposite for the past decade? #Hypocrisy,5351,75,Negative
TWT-2026-11168,2026-09-21 01:42:00,@apex_analyst,Candidate C,Reform & Integrity Party (RIP),Governance & Ethics,Major blunders in today's press conference by Candidate C. Completely out of touch with the struggles of working people! #Election2026,5219,1827,Negative
TWT-2026-11169,2026-08-13 15:07:00,@voter_chronicle,Candidate B,National Democratic Union (NDU),Healthcare,Healthcare accessibility for all citizens! Candidate B has consistently fought for medical reforms. Thank you @CandidateB!,3749,1134,Positive
TWT-2026-11170,2026-09-20 07:32:00,@apex_analyst,Candidate B,National Democratic Union (NDU),Infrastructure & Green Energy,FYI: Public hearing on state infrastructure maintenance completed with statements from Candidate B's liaison.,730,204,Neutral
TWT-2026-11171,2026-08-01 13:02:00,@voter_voice,Candidate B,National Democratic Union (NDU),National Security,Polling stations will open at 7:00 AM on election day. Early mail-in voting starts next Monday across all counties. #ElectionGuide,324,214,Neutral
TWT-2026-11172,2026-08-21 10:10:00,@public_affairs_hub,Candidate A,Alliance for Progress (AFP),Healthcare,Youth employment initiatives by Candidate A are groundbreaking. Giving the next generation real opportunities! @CandidateA #YouthVote,4276,1684,Positive
TWT-2026-11173,2026-08-26 01:51:00,@public_affairs_hub,Candidate B,National Democratic Union (NDU),Healthcare,Cost of living is through the roof and Candidate B offers zero practical solutions. What a joke.,3236,797,Negative
TWT-2026-11174,2026-09-03 05:27:00,@democratic_forum,Candidate B,National Democratic Union (NDU),Healthcare,FYI: Kudos to Candidate B for addressing rural healthcare and small businesses head on!,3223,1496,Positive
TWT-2026-11175,2026-09-20 12:53:00,@national_digest,Candidate A,Alliance for Progress (AFP),National Security,Finally a leader who prioritizes National Security. Candidate A's proposed reforms will uplift working families across the country! @CandidateA,4155,247,Positive
TWT-2026-11176,2026-08-02 13:00:00,@urban_voter,Candidate C,Reform & Integrity Party (RIP),Education,"Honestly, Cost of living is through the roof and Candidate C offers zero practical solutions. What a joke.",1332,1328,Negative
TWT-2026-11177,2026-08-02 23:46:00,@metro_citizen,Candidate C,Reform & Integrity Party (RIP),Healthcare,Deeply disappointed by Candidate C's vague answers on Healthcare. Zero concrete plans to tackle the crisis! @CandidateC #DebateFail,5093,330,Negative
TWT-2026-11178,2026-08-20 06:34:00,@democratic_forum,Candidate B,National Democratic Union (NDU),National Security,My opinion: Public hearing on state infrastructure maintenance completed with statements from Candidate B's liaison.,806,185,Neutral
TWT-2026-11179,2026-09-29 04:40:00,@voter_voice,Candidate C,Reform & Integrity Party (RIP),Infrastructure & Green Energy,Candidate C's track record on corruption and ethical conduct is deeply concerning. Voters deserve better! #EthicsMatter,5430,219,Negative
TWT-2026-11180,2026-08-08 03:09:00,@apex_analyst,Candidate C,Reform & Integrity Party (RIP),Governance & Ethics,Huge turnout at the Candidate C rally today! The energy is electric and the momentum is unstoppable! #Election2026,933,945,Positive
TWT-2026-11181,2026-09-28 06:25:00,@political_insider,Candidate B,National Democratic Union (NDU),Healthcare,Just watched the town hall. Candidate B demonstrated remarkable grasp of Healthcare. They have my full support! #VoterChoice,658,1017,Positive
TWT-2026-11182,2026-08-05 06:43:00,@state_observer,Candidate B,National Democratic Union (NDU),Economy & Jobs,Education funding increase without raising middle-class taxes? Candidate B actually found a viable budget surplus solution!,627,1001,Positive
TWT-2026-11183,2026-08-12 09:00:00,@daily_elector,Candidate B,National Democratic Union (NDU),Education,Public hearing on state infrastructure maintenance completed with statements from Candidate B's liaison.,940,232,Neutral
TWT-2026-11184,2026-08-23 15:39:00,@civic_sentinel,Candidate C,Reform & Integrity Party (RIP),Governance & Ethics,FYI: Kudos to Candidate C for addressing rural healthcare and small businesses head on!,4994,1755,Positive
TWT-2026-11185,2026-08-13 19:01:00,@econ_observer,Candidate C,Reform & Integrity Party (RIP),Economy & Jobs,"Another empty campaign promise from Candidate C. Talk is cheap, but where is the actual funding for Economy & Jobs? #BrokenPromises",4304,1050,Negative
TWT-2026-11186,2026-08-08 06:01:00,@liberty_lens,Candidate A,Alliance for Progress (AFP),Governance & Ethics,Yes! Great to see Candidate A gaining strong endorsements from grassroots organizations today.,1273,447,Positive
TWT-2026-11187,2026-08-18 08:30:00,@campaign_beat,Candidate A,Alliance for Progress (AFP),Healthcare,Just watched the town hall. Candidate A demonstrated remarkable grasp of Healthcare. They have my full support! #VoterChoice,5986,1421,Positive
TWT-2026-11188,2026-09-17 15:27:00,@truth_seeker_99,Candidate A,Alliance for Progress (AFP),Education,"Clear vision, dignity, and practical execution. Rooting for Candidate A in the upcoming vote!",4542,1340,Positive
TWT-2026-11189,2026-09-26 22:17:00,@pulse_of_nation,Candidate B,National Democratic Union (NDU),Healthcare,Historic infrastructure bill proposed by Candidate B. Investing in high-speed rail and renewable grid is visionary! #GreenFuture,1441,410,Positive
TWT-2026-11190,2026-09-16 15:27:00,@election_daily,Candidate A,Alliance for Progress (AFP),Governance & Ethics,Inspiring words from Candidate A at the community rally. Let's make this win happen!,2577,344,Positive
TWT-2026-11191,2026-09-08 12:27:00,@campaign_beat,Candidate B,National Democratic Union (NDU),Governance & Ethics,Disagree completely with @CandidateB's authoritarian approach to public education and local governance.,2255,1313,Negative
TWT-2026-11192,2026-09-26 01:32:00,@grassroots_talk,Candidate C,Reform & Integrity Party (RIP),Education,My opinion: Youth employment initiatives by Candidate C are groundbreaking. Giving the next generation real opportunities! @CandidateC #YouthVote,5208,1683,Positive
TWT-2026-11193,2026-09-30 16:22:00,@pulse_of_nation,Candidate C,Reform & Integrity Party (RIP),Infrastructure & Green Energy,"I was undecided until I read Candidate C's policy paper on Infrastructure & Green Energy. Transparent, pragmatic, and data-driven! #SmartGovernance",4972,1698,Positive
TWT-2026-11194,2026-08-12 11:15:00,@civic_pulse,Candidate A,Alliance for Progress (AFP),Economy & Jobs,"Another empty campaign promise from Candidate A. Talk is cheap, but where is the actual funding for Economy & Jobs? #BrokenPromises",6657,1329,Negative
TWT-2026-11195,2026-08-08 00:20:00,@insight_politics,Candidate A,Alliance for Progress (AFP),National Security,Unrealistic claims from Candidate A! You cannot simultaneously cut revenues and promise massive subsidies in National Security. Pure fantasy!,3077,602,Negative
TWT-2026-11196,2026-08-21 07:35:00,@civic_pulse,Candidate A,Alliance for Progress (AFP),National Security,Ignoring public opinion on National Security! Candidate A continues to serve special interests rather than ordinary families. @CandidateA,1781,1914,Negative
TWT-2026-11197,2026-08-18 22:38:00,@swing_state_view,Candidate B,National Democratic Union (NDU),Education,Take note: Ballot counting procedures and independent audit committee verification guidelines published this morning.,227,271,Neutral
TWT-2026-11198,2026-08-21 10:12:00,@campaign_beat,Candidate A,Alliance for Progress (AFP),Governance & Ethics,Kudos to Candidate A for addressing rural healthcare and small businesses head on!,3479,1402,Positive
TWT-2026-11199,2026-08-08 14:10:00,@civic_sentinel,Candidate A,Alliance for Progress (AFP),Infrastructure & Green Energy,Loving Candidate A's honest take on Infrastructure & Green Energy. Real solutions rather than empty slogans.,408,567,Positive
TWT-2026-11200,2026-09-11 18:00:00,@election_daily,Candidate B,National Democratic Union (NDU),Governance & Ethics,Severe mismanagement in previous terms makes Candidate B unfit to oversee national Governance & Ethics. #NoConfidence,1966,95,Negative
TWT-2026-11201,2026-08-03 10:41:00,@voter_voice,Candidate B,National Democratic Union (NDU),Healthcare,Fact-checking the claims made during yesterday's round-table discussion on Healthcare and public expenditure. #FactCheck,47,275,Neutral
TWT-2026-11202,2026-08-18 10:48:00,@voter_chronicle,Candidate A,Alliance for Progress (AFP),Infrastructure & Green Energy,Candidate A submitted the official campaign expenditure statement to the election commission yesterday afternoon. @CandidateA,859,214,Neutral
TWT-2026-11203,2026-08-04 12:19:00,@insight_politics,Candidate B,National Democratic Union (NDU),Economy & Jobs,Round 2 of bipartisan town hall discussions scheduled for next Wednesday at 6 PM. Moderated by civic forum.,803,162,Neutral
TWT-2026-11204,2026-09-09 03:01:00,@democratic_forum,Candidate B,National Democratic Union (NDU),Infrastructure & Green Energy,Kudos to Candidate B for addressing rural healthcare and small businesses head on!,1019,1731,Positive
TWT-2026-11205,2026-09-16 13:14:00,@daily_elector,Candidate A,Alliance for Progress (AFP),Economy & Jobs,Finally a leader who prioritizes Economy & Jobs. Candidate A's proposed reforms will uplift working families across the country! @CandidateA,886,666,Positive
TWT-2026-11206,2026-09-04 00:59:00,@insight_politics,Candidate A,Alliance for Progress (AFP),Healthcare,Disagree completely with @CandidateA's authoritarian approach to public education and local governance.,6684,1518,Negative
TWT-2026-11207,2026-08-05 08:21:00,@insight_politics,Candidate A,Alliance for Progress (AFP),Education,Impressive economic plan presented by Candidate A! Lower inflation and 500k new green jobs is exactly what we need. @CandidateA #Growth,932,103,Positive
TWT-2026-11208,2026-09-07 14:07:00,@metro_citizen,Candidate C,Reform & Integrity Party (RIP),Infrastructure & Green Energy,Historic infrastructure bill proposed by Candidate C. Investing in high-speed rail and renewable grid is visionary! #GreenFuture,5748,353,Positive
TWT-2026-11209,2026-09-03 16:15:00,@public_affairs_hub,Candidate B,National Democratic Union (NDU),Healthcare,Broken promises again. Remember what Candidate B said about Healthcare two years ago? Never happened.,3415,1838,Negative
TWT-2026-11210,2026-08-31 07:05:00,@grassroots_talk,Candidate B,National Democratic Union (NDU),National Security,The election commission released the final list of polling venues and security protocols for district 4. #ElectionNotice,297,166,Neutral
TWT-2026-11211,2026-08-16 21:41:00,@voter_forum,Candidate B,National Democratic Union (NDU),National Security,"Both parties met today to finalize the debate rules covering National Security, foreign policy, and federal budget allocations. #Campaign2026",371,287,Neutral
TWT-2026-11212,2026-09-12 06:29:00,@pulse_of_nation,Candidate A,Alliance for Progress (AFP),National Security,"Honestly, How can anyone trust Candidate A on National Security when their voting record shows the exact opposite for the past decade? #Hypocrisy",645,2033,Negative
TWT-2026-11213,2026-09-18 16:32:00,@liberty_lens,Candidate A,Alliance for Progress (AFP),Infrastructure & Green Energy,Major blunders in today's press conference by Candidate A. Completely out of touch with the struggles of working people! #Election2026,2818,862,Negative
TWT-2026-11214,2026-08-07 04:14:00,@voter_chronicle,Candidate B,National Democratic Union (NDU),National Security,Ethical governance and complete anti-corruption measures! Exactly why Candidate B deserves to lead this nation! #CleanPolitics,5393,320,Positive
TWT-2026-11215,2026-08-13 02:17:00,@state_observer,Candidate B,National Democratic Union (NDU),Infrastructure & Green Energy,Shocking lack of empathy from Candidate B today. Clearly disconnected from ordinary realities.,4236,839,Negative
TWT-2026-11216,2026-09-26 03:47:00,@political_insider,Candidate A,Alliance for Progress (AFP),National Security,"Just in: I was undecided until I read Candidate A's policy paper on National Security. Transparent, pragmatic, and data-driven! #SmartGovernance",4753,1332,Positive
TWT-2026-11217,2026-08-29 11:16:00,@political_insider,Candidate A,Alliance for Progress (AFP),Economy & Jobs,Take note: The tax burden on small businesses under Candidate A's scheme would shut down thousands of local enterprises! #SaveSmallBiz,1562,1100,Negative
TWT-2026-11218,2026-08-28 16:21:00,@policy_watch,Candidate C,Reform & Integrity Party (RIP),Economy & Jobs,Take note: Youth employment initiatives by Candidate C are groundbreaking. Giving the next generation real opportunities! @CandidateC #YouthVote,3559,439,Positive
TWT-2026-11219,2026-09-16 13:12:00,@apex_analyst,Candidate B,National Democratic Union (NDU),Education,Campaign schedule: Candidate B is scheduled to visit three regional manufacturing hubs tomorrow to discuss trade tariffs. @CandidateB,110,27,Neutral
TWT-2026-11220,2026-09-01 16:27:00,@political_insider,Candidate A,Alliance for Progress (AFP),Infrastructure & Green Energy,"Analysis of the three candidate manifestos regarding Infrastructure & Green Energy: A comparison of tax rates, timeline, and projected GDP impact. #PolicyReview",618,143,Neutral
TWT-2026-11221,2026-09-27 01:36:00,@grassroots_talk,Candidate C,Reform & Integrity Party (RIP),Economy & Jobs,"Honestly, Kudos to Candidate C for addressing rural healthcare and small businesses head on!",2064,232,Positive
TWT-2026-11222,2026-09-14 22:25:00,@pulse_of_nation,Candidate A,Alliance for Progress (AFP),Economy & Jobs,Take note: Cost of living is through the roof and Candidate A offers zero practical solutions. What a joke.,857,1136,Negative
TWT-2026-11223,2026-08-11 06:22:00,@urban_voter,Candidate B,National Democratic Union (NDU),Economy & Jobs,Live coverage: Press conference by Candidate B answering questions regarding recent bipartisan committee findings on Economy & Jobs.,761,139,Neutral
TWT-2026-11224,2026-09-28 22:39:00,@citizen_journal,Candidate B,National Democratic Union (NDU),National Security,Take note: Shocking lack of empathy from Candidate B today. Clearly disconnected from ordinary realities.,2389,20,Negative
TWT-2026-11225,2026-08-05 05:11:00,@liberty_lens,Candidate C,Reform & Integrity Party (RIP),Education,"Clear vision, dignity, and practical execution. Rooting for Candidate C in the upcoming vote!",1979,353,Positive
TWT-2026-11226,2026-08-02 05:16:00,@civic_pulse,Candidate B,National Democratic Union (NDU),Healthcare,Candidate B delivered an outstanding speech on Healthcare today! Truly inspiring vision for our future. #Election2026 #Leadership,5481,976,Positive
TWT-2026-11227,2026-09-07 00:31:00,@democratic_forum,Candidate A,Alliance for Progress (AFP),National Security,Election Update: Candidate A will hold a policy address on National Security this Thursday at 3 PM EST. Coverage streaming live on channel 4. #ElectionUpdate,618,182,Neutral
TWT-2026-11228,2026-08-19 07:33:00,@truth_seeker_99,Candidate B,National Democratic Union (NDU),Economy & Jobs,Impressive economic plan presented by Candidate B! Lower inflation and 500k new green jobs is exactly what we need. @CandidateB #Growth,167,1166,Positive
TWT-2026-11229,2026-08-22 14:31:00,@voter_forum,Candidate A,Alliance for Progress (AFP),Healthcare,Candidate A submitted the official campaign expenditure statement to the election commission yesterday afternoon. @CandidateA,112,157,Neutral
TWT-2026-11230,2026-08-30 00:52:00,@voter_chronicle,Candidate B,National Democratic Union (NDU),Governance & Ethics,Historic infrastructure bill proposed by Candidate B. Investing in high-speed rail and renewable grid is visionary! #GreenFuture,5459,1001,Positive
TWT-2026-11231,2026-09-25 19:30:00,@political_insider,Candidate B,National Democratic Union (NDU),National Security,Strong leadership shown by Candidate B during the national crisis. Integrity and compassion in action! #TrueLeader,4267,1591,Positive
TWT-2026-11232,2026-09-24 07:42:00,@metro_citizen,Candidate B,National Democratic Union (NDU),National Security,Just in: Summary of candidate remarks regarding agricultural subsidies and regional irrigation projects. #AgriNews,755,12,Neutral
TWT-2026-11233,2026-09-17 02:12:00,@pulse_of_nation,Candidate B,National Democratic Union (NDU),Infrastructure & Green Energy,Deeply disappointed by Candidate B's vague answers on Infrastructure & Green Energy. Zero concrete plans to tackle the crisis! @CandidateB #DebateFail,2031,1772,Negative
TWT-2026-11234,2026-09-28 14:56:00,@truth_seeker_99,Candidate C,Reform & Integrity Party (RIP),Economy & Jobs,Historic infrastructure bill proposed by Candidate C. Investing in high-speed rail and renewable grid is visionary! #GreenFuture,5160,1395,Positive
TWT-2026-11235,2026-08-27 08:19:00,@campaign_beat,Candidate A,Alliance for Progress (AFP),Education,Best candidate in the race by far. @CandidateA understands our economic challenges.,2882,683,Positive
TWT-2026-11236,2026-08-08 13:50:00,@election_daily,Candidate A,Alliance for Progress (AFP),Governance & Ethics,Total trainwreck of an interview from @CandidateA. Avoided every tough question about campaign financing.,5779,1414,Negative
TWT-2026-11237,2026-09-13 04:29:00,@swing_state_view,Candidate C,Reform & Integrity Party (RIP),Education,Statistical breakdown: Comparing historical voter turnout trends with early voting statistics in key swing districts. #ElectionMetrics,122,6,Neutral
TWT-2026-11238,2026-08-20 15:18:00,@civic_pulse,Candidate A,Alliance for Progress (AFP),Governance & Ethics,"I was undecided until I read Candidate A's policy paper on Governance & Ethics. Transparent, pragmatic, and data-driven! #SmartGovernance",5135,1148,Positive
TWT-2026-11239,2026-09-07 03:03:00,@citizen_journal,Candidate B,National Democratic Union (NDU),Economy & Jobs,Official notice: Candidate debate on Economy & Jobs will be broadcast nationwide with simultaneous sign language interpretation. #Debate2026,51,113,Neutral
TWT-2026-11240,2026-08-04 08:08:00,@voter_chronicle,Candidate B,National Democratic Union (NDU),Economy & Jobs,Education funding increase without raising middle-class taxes? Candidate B actually found a viable budget surplus solution!,2910,1357,Positive
TWT-2026-11241,2026-09-15 08:09:00,@voter_forum,Candidate B,National Democratic Union (NDU),Governance & Ethics,The latest policy paper from Candidate B reads like a wish list with no real budget arithmetic.,6328,643,Negative
TWT-2026-11242,2026-08-03 15:59:00,@voter_chronicle,Candidate A,Alliance for Progress (AFP),Infrastructure & Green Energy,Reviewing the key legislative bills co-sponsored by Candidate A between 2022 and 2025 regarding Infrastructure & Green Energy.,950,43,Neutral
TWT-2026-11243,2026-09-27 03:57:00,@grassroots_talk,Candidate A,Alliance for Progress (AFP),National Security,Public hearing on state infrastructure maintenance completed with statements from Candidate A's liaison.,405,218,Neutral
TWT-2026-11244,2026-09-26 10:51:00,@public_affairs_hub,Candidate B,National Democratic Union (NDU),Governance & Ethics,"I was undecided until I read Candidate B's policy paper on Governance & Ethics. Transparent, pragmatic, and data-driven! #SmartGovernance",1444,1159,Positive
TWT-2026-11245,2026-08-13 09:19:00,@civic_pulse,Candidate A,Alliance for Progress (AFP),National Security,"Proud to endorse Candidate A! A visionary roadmap for technology innovation, education, and social welfare. #ForwardTogether",2073,282,Positive
TWT-2026-11246,2026-08-07 04:33:00,@election_daily,Candidate B,National Democratic Union (NDU),Governance & Ethics,Just in: Kudos to Candidate B for addressing rural healthcare and small businesses head on!,3802,1122,Positive
TWT-2026-11247,2026-08-28 14:26:00,@state_observer,Candidate C,Reform & Integrity Party (RIP),Education,Total trainwreck of an interview from @CandidateC. Avoided every tough question about campaign financing.,5642,1472,Negative
TWT-2026-11248,2026-09-09 09:50:00,@democratic_forum,Candidate B,National Democratic Union (NDU),Economy & Jobs,My opinion: Cost of living is through the roof and Candidate B offers zero practical solutions. What a joke.,246,1732,Negative
TWT-2026-11249,2026-09-06 09:03:00,@national_digest,Candidate C,Reform & Integrity Party (RIP),Governance & Ethics,Youth employment initiatives by Candidate C are groundbreaking. Giving the next generation real opportunities! @CandidateC #YouthVote,1067,1276,Positive
TWT-2026-11250,2026-09-18 16:29:00,@policy_watch,Candidate B,National Democratic Union (NDU),Healthcare,Listening to the concerns of ordinary citizens! Candidate B spent hours at the community center answering tough questions on Healthcare.,5514,17,Positive
TWT-2026-11251,2026-08-07 09:36:00,@citizen_journal,Candidate A,Alliance for Progress (AFP),Economy & Jobs,Historic infrastructure bill proposed by Candidate A. Investing in high-speed rail and renewable grid is visionary! #GreenFuture,5348,224,Positive
TWT-2026-11252,2026-08-04 22:13:00,@truth_seeker_99,Candidate C,Reform & Integrity Party (RIP),Education,Candidate C's latest proposal will drive inflation even higher. Irresponsible spending without any fiscal discipline! #EconomicWarning,1024,2100,Negative
TWT-2026-11253,2026-08-20 20:19:00,@voter_forum,Candidate A,Alliance for Progress (AFP),Governance & Ethics,My opinion: Disagree completely with @CandidateA's authoritarian approach to public education and local governance.,4087,566,Negative
TWT-2026-11254,2026-08-10 19:56:00,@political_insider,Candidate A,Alliance for Progress (AFP),Infrastructure & Green Energy,"Honestly, Shocking lack of empathy from Candidate A today. Clearly disconnected from ordinary realities.",5664,830,Negative
TWT-2026-11255,2026-09-23 16:28:00,@pulse_of_nation,Candidate C,Reform & Integrity Party (RIP),Economy & Jobs,"Terrible debate showing for Candidate C. Aggressive, defensive, and lacking any coherent policy vision on Economy & Jobs. #DebateLoss",1703,432,Negative
TWT-2026-11256,2026-09-22 07:53:00,@econ_observer,Candidate A,Alliance for Progress (AFP),Economy & Jobs,Rising unemployment numbers prove Candidate A's economic strategy has failed miserably. Time for a change of direction! #JobsCrisis,3344,1989,Negative
TWT-2026-11257,2026-09-10 00:11:00,@metro_citizen,Candidate B,National Democratic Union (NDU),Governance & Ethics,My opinion: Televised townhall recap: Comparing speaking times of Candidate B and opponents across 5 policy segments.,459,317,Neutral
TWT-2026-11258,2026-09-04 06:30:00,@citizen_journal,Candidate C,Reform & Integrity Party (RIP),National Security,Healthcare accessibility for all citizens! Candidate C has consistently fought for medical reforms. Thank you @CandidateC!,1423,1052,Positive
TWT-2026-11259,2026-09-12 08:25:00,@pulse_of_nation,Candidate B,National Democratic Union (NDU),Education,Best candidate in the race by far. @CandidateB understands our economic challenges.,844,1210,Positive
TWT-2026-11260,2026-08-30 03:36:00,@pulse_of_nation,Candidate C,Reform & Integrity Party (RIP),Economy & Jobs,FYI: The tax burden on small businesses under Candidate C's scheme would shut down thousands of local enterprises! #SaveSmallBiz,3445,1748,Negative
TWT-2026-11261,2026-09-28 11:08:00,@election_daily,Candidate A,Alliance for Progress (AFP),Governance & Ethics,Statistical breakdown: Comparing historical voter turnout trends with early voting statistics in key swing districts. #ElectionMetrics,44,319,Neutral
TWT-2026-11262,2026-09-24 16:13:00,@voter_chronicle,Candidate C,Reform & Integrity Party (RIP),Infrastructure & Green Energy,Historic infrastructure bill proposed by Candidate C. Investing in high-speed rail and renewable grid is visionary! #GreenFuture,99,329,Positive
TWT-2026-11263,2026-08-23 20:46:00,@public_affairs_hub,Candidate C,Reform & Integrity Party (RIP),Governance & Ethics,My opinion: Severe mismanagement in previous terms makes Candidate C unfit to oversee national Governance & Ethics. #NoConfidence,4232,265,Negative
TWT-2026-11264,2026-09-18 21:19:00,@pulse_of_nation,Candidate B,National Democratic Union (NDU),Infrastructure & Green Energy,"District polling data updated as of 12 PM: 42% Candidate A, 40% Candidate B, 18% Candidate C or undecided.",889,73,Neutral
TWT-2026-11265,2026-08-12 18:45:00,@truth_seeker_99,Candidate A,Alliance for Progress (AFP),National Security,The election commission released the final list of polling venues and security protocols for district 4. #ElectionNotice,395,243,Neutral
TWT-2026-11266,2026-09-07 11:37:00,@civic_sentinel,Candidate C,Reform & Integrity Party (RIP),Governance & Ethics,Historic infrastructure bill proposed by Candidate C. Investing in high-speed rail and renewable grid is visionary! #GreenFuture,1085,1434,Positive
TWT-2026-11267,2026-09-01 21:30:00,@liberty_lens,Candidate B,National Democratic Union (NDU),Economy & Jobs,"Honestly, New voter survey released today shows Candidate B holding a 48% approval rating among independent voters. #PollTracker #Data",40,83,Neutral
TWT-2026-11268,2026-08-25 13:59:00,@civic_pulse,Candidate A,Alliance for Progress (AFP),National Security,Healthcare accessibility for all citizens! Candidate A has consistently fought for medical reforms. Thank you @CandidateA!,888,361,Positive
TWT-2026-11269,2026-08-05 14:48:00,@voter_chronicle,Candidate A,Alliance for Progress (AFP),Governance & Ethics,Candidate A's track record on corruption and ethical conduct is deeply concerning. Voters deserve better! #EthicsMatter,967,161,Negative
TWT-2026-11270,2026-08-25 04:40:00,@public_affairs_hub,Candidate C,Reform & Integrity Party (RIP),National Security,Just in: Deeply disappointed by Candidate C's vague answers on National Security. Zero concrete plans to tackle the crisis! @CandidateC #DebateFail,1455,1323,Negative
TWT-2026-11271,2026-08-19 07:12:00,@voter_forum,Candidate C,Reform & Integrity Party (RIP),Healthcare,"Proud to endorse Candidate C! A visionary roadmap for technology innovation, education, and social welfare. #ForwardTogether",2093,1010,Positive
TWT-2026-11272,2026-09-10 21:06:00,@campaign_beat,Candidate A,Alliance for Progress (AFP),Infrastructure & Green Energy,"Honestly, Total trainwreck of an interview from @CandidateA. Avoided every tough question about campaign financing.",6654,795,Negative
TWT-2026-11273,2026-09-25 02:21:00,@daily_elector,Candidate A,Alliance for Progress (AFP),Healthcare,Election Update: Candidate A will hold a policy address on Healthcare this Thursday at 3 PM EST. Coverage streaming live on channel 4. #ElectionUpdate,378,210,Neutral
TWT-2026-11274,2026-09-06 15:32:00,@voter_chronicle,Candidate C,Reform & Integrity Party (RIP),National Security,My opinion: Disagree completely with @CandidateC's authoritarian approach to public education and local governance.,5291,2040,Negative
TWT-2026-11275,2026-09-10 12:55:00,@civic_pulse,Candidate B,National Democratic Union (NDU),Governance & Ethics,Just in: Solid arguments from @CandidateB tonight. The plan for Governance & Ethics is well thought out and realistic.,1154,1646,Positive
TWT-2026-11276,2026-08-15 01:38:00,@econ_observer,Candidate C,Reform & Integrity Party (RIP),Economy & Jobs,Just in: Finally a leader who prioritizes Economy & Jobs. Candidate C's proposed reforms will uplift working families across the country! @CandidateC,4262,615,Positive
TWT-2026-11277,2026-09-15 11:04:00,@daily_elector,Candidate B,National Democratic Union (NDU),Economy & Jobs,Healthcare accessibility for all citizens! Candidate B has consistently fought for medical reforms. Thank you @CandidateB!,2399,1701,Positive
TWT-2026-11278,2026-09-29 19:32:00,@apex_analyst,Candidate B,National Democratic Union (NDU),Economy & Jobs,Solid arguments from @CandidateB tonight. The plan for Economy & Jobs is well thought out and realistic.,4738,499,Positive
TWT-2026-11279,2026-09-07 15:59:00,@grassroots_talk,Candidate B,National Democratic Union (NDU),Governance & Ethics,Impressive economic plan presented by Candidate B! Lower inflation and 500k new green jobs is exactly what we need. @CandidateB #Growth,4497,1433,Positive
TWT-2026-11280,2026-08-22 01:08:00,@campaign_beat,Candidate C,Reform & Integrity Party (RIP),Economy & Jobs,Impressive economic plan presented by Candidate C! Lower inflation and 500k new green jobs is exactly what we need. @CandidateC #Growth,2794,868,Positive
TWT-2026-11281,2026-09-21 18:57:00,@civic_sentinel,Candidate C,Reform & Integrity Party (RIP),National Security,"Honestly, The parliamentary committee report on National Security was reviewed by Candidate C's advisory team earlier today. #PolicyReport",785,33,Neutral
TWT-2026-11282,2026-09-09 02:56:00,@econ_observer,Candidate C,Reform & Integrity Party (RIP),Economy & Jobs,Campaign schedule: Candidate C is scheduled to visit three regional manufacturing hubs tomorrow to discuss trade tariffs. @CandidateC,82,215,Neutral
TWT-2026-11283,2026-09-02 07:41:00,@voter_chronicle,Candidate B,National Democratic Union (NDU),Healthcare,Just in: Historic infrastructure bill proposed by Candidate B. Investing in high-speed rail and renewable grid is visionary! #GreenFuture,5950,90,Positive
TWT-2026-11284,2026-08-02 06:34:00,@civic_sentinel,Candidate B,National Democratic Union (NDU),Infrastructure & Green Energy,"Honestly, Statistical breakdown: Comparing historical voter turnout trends with early voting statistics in key swing districts. #ElectionMetrics",810,118,Neutral
TWT-2026-11285,2026-08-04 12:49:00,@pulse_of_nation,Candidate B,National Democratic Union (NDU),National Security,Televised townhall recap: Comparing speaking times of Candidate B and opponents across 5 policy segments.,765,11,Neutral
TWT-2026-11286,2026-08-08 14:07:00,@civic_sentinel,Candidate C,Reform & Integrity Party (RIP),Healthcare,Education funding increase without raising middle-class taxes? Candidate C actually found a viable budget surplus solution!,5770,879,Positive
TWT-2026-11287,2026-08-16 07:05:00,@public_affairs_hub,Candidate B,National Democratic Union (NDU),Education,Watching Candidate B dodge straightforward questions on Education was painful. Lack of transparency is alarming! #AccountabilityNow,2840,1796,Negative
TWT-2026-11288,2026-09-20 17:36:00,@policy_watch,Candidate A,Alliance for Progress (AFP),Healthcare,Education funding increase without raising middle-class taxes? Candidate A actually found a viable budget surplus solution!,6148,1546,Positive
TWT-2026-11289,2026-08-12 09:02:00,@liberty_lens,Candidate A,Alliance for Progress (AFP),National Security,Just in: Healthcare accessibility for all citizens! Candidate A has consistently fought for medical reforms. Thank you @CandidateA!,490,161,Positive
TWT-2026-11290,2026-08-31 21:07:00,@swing_state_view,Candidate B,National Democratic Union (NDU),Governance & Ethics,Just in: Kudos to Candidate B for addressing rural healthcare and small businesses head on!,2025,603,Positive
TWT-2026-11291,2026-09-17 11:57:00,@democratic_forum,Candidate A,Alliance for Progress (AFP),Economy & Jobs,Historic infrastructure bill proposed by Candidate A. Investing in high-speed rail and renewable grid is visionary! #GreenFuture,4478,426,Positive
TWT-2026-11292,2026-08-16 16:57:00,@grassroots_talk,Candidate B,National Democratic Union (NDU),National Security,Rising unemployment numbers prove Candidate B's economic strategy has failed miserably. Time for a change of direction! #JobsCrisis,3035,1206,Negative
TWT-2026-11293,2026-09-15 19:31:00,@grassroots_talk,Candidate B,National Democratic Union (NDU),National Security,Just in: Cost of living is through the roof and Candidate B offers zero practical solutions. What a joke.,4154,435,Negative
TWT-2026-11294,2026-09-05 06:07:00,@voter_chronicle,Candidate A,Alliance for Progress (AFP),Healthcare,The proposed cuts to Healthcare by Candidate A will devastate rural communities. Completely unacceptable! @CandidateA #VoterDiscontent,4297,952,Negative
TWT-2026-11295,2026-08-30 03:01:00,@citizen_journal,Candidate C,Reform & Integrity Party (RIP),Healthcare,Candidate C's latest proposal will drive inflation even higher. Irresponsible spending without any fiscal discipline! #EconomicWarning,1955,1811,Negative
TWT-2026-11296,2026-08-06 01:17:00,@civic_sentinel,Candidate A,Alliance for Progress (AFP),Education,Polling stations will open at 7:00 AM on election day. Early mail-in voting starts next Monday across all counties. #ElectionGuide,612,198,Neutral
TWT-2026-11297,2026-08-15 06:24:00,@daily_elector,Candidate B,National Democratic Union (NDU),Infrastructure & Green Energy,Deeply disappointed by Candidate B's vague answers on Infrastructure & Green Energy. Zero concrete plans to tackle the crisis! @CandidateB #DebateFail,3164,1583,Negative
TWT-2026-11298,2026-09-04 11:59:00,@voter_voice,Candidate C,Reform & Integrity Party (RIP),Infrastructure & Green Energy,Solid arguments from @CandidateC tonight. The plan for Infrastructure & Green Energy is well thought out and realistic.,453,1357,Positive
TWT-2026-11299,2026-08-22 23:53:00,@civic_sentinel,Candidate C,Reform & Integrity Party (RIP),Education,"Honestly, Polling stations will open at 7:00 AM on election day. Early mail-in voting starts next Monday across all counties. #ElectionGuide",839,304,Neutral
TWT-2026-11300,2026-09-05 12:46:00,@swing_state_view,Candidate B,National Democratic Union (NDU),Infrastructure & Green Energy,"Honestly, A refreshing speech on democratic renewal and ethics from Candidate B. Count me in!",6049,1545,Positive
TWT-2026-11301,2026-08-30 23:59:00,@democratic_forum,Candidate B,National Democratic Union (NDU),Governance & Ethics,Just in: The tax burden on small businesses under Candidate B's scheme would shut down thousands of local enterprises! #SaveSmallBiz,3502,1073,Negative
TWT-2026-11302,2026-09-19 17:18:00,@liberty_lens,Candidate A,Alliance for Progress (AFP),Economy & Jobs,My opinion: Polling stations will open at 7:00 AM on election day. Early mail-in voting starts next Monday across all counties. #ElectionGuide,828,142,Neutral
TWT-2026-11303,2026-09-12 08:50:00,@urban_voter,Candidate C,Reform & Integrity Party (RIP),Infrastructure & Green Energy,Candidate C's latest proposal will drive inflation even higher. Irresponsible spending without any fiscal discipline! #EconomicWarning,5072,1131,Negative
TWT-2026-11304,2026-09-23 08:54:00,@daily_elector,Candidate C,Reform & Integrity Party (RIP),Economy & Jobs,Candidate C submitted the official campaign expenditure statement to the election commission yesterday afternoon. @CandidateC,324,293,Neutral
TWT-2026-11305,2026-08-23 15:40:00,@econ_observer,Candidate B,National Democratic Union (NDU),Infrastructure & Green Energy,Candidate B delivered an outstanding speech on Infrastructure & Green Energy today! Truly inspiring vision for our future. #Election2026 #Leadership,3628,23,Positive
TWT-2026-11306,2026-09-09 17:20:00,@civic_pulse,Candidate A,Alliance for Progress (AFP),Infrastructure & Green Energy,New voter survey released today shows Candidate A holding a 48% approval rating among independent voters. #PollTracker #Data,603,42,Neutral
TWT-2026-11307,2026-09-01 04:14:00,@urban_voter,Candidate B,National Democratic Union (NDU),Healthcare,Candidate B's track record on corruption and ethical conduct is deeply concerning. Voters deserve better! #EthicsMatter,6304,1139,Negative
TWT-2026-11308,2026-08-12 21:32:00,@election_daily,Candidate A,Alliance for Progress (AFP),Healthcare,"Honestly, Very optimistic after hearing Candidate A's interview. Sensible policies on Healthcare for all families.",5398,106,Positive
TWT-2026-11309,2026-08-17 00:43:00,@voter_chronicle,Candidate C,Reform & Integrity Party (RIP),Education,FYI: Impressive economic plan presented by Candidate C! Lower inflation and 500k new green jobs is exactly what we need. @CandidateC #Growth,4558,1474,Positive
TWT-2026-11310,2026-08-05 16:28:00,@political_insider,Candidate C,Reform & Integrity Party (RIP),National Security,Candidate C's latest proposal will drive inflation even higher. Irresponsible spending without any fiscal discipline! #EconomicWarning,4949,969,Negative
TWT-2026-11311,2026-09-23 21:26:00,@civic_pulse,Candidate C,Reform & Integrity Party (RIP),Economy & Jobs,Healthcare accessibility for all citizens! Candidate C has consistently fought for medical reforms. Thank you @CandidateC!,1696,672,Positive
TWT-2026-11312,2026-09-20 11:21:00,@state_observer,Candidate C,Reform & Integrity Party (RIP),Infrastructure & Green Energy,Rising unemployment numbers prove Candidate C's economic strategy has failed miserably. Time for a change of direction! #JobsCrisis,1202,109,Negative
TWT-2026-11313,2026-08-03 09:59:00,@metro_citizen,Candidate C,Reform & Integrity Party (RIP),Education,FYI: Loving Candidate C's honest take on Education. Real solutions rather than empty slogans.,2433,1278,Positive
TWT-2026-11314,2026-09-02 22:49:00,@voter_forum,Candidate C,Reform & Integrity Party (RIP),Economy & Jobs,Candidate C submitted the official campaign expenditure statement to the election commission yesterday afternoon. @CandidateC,633,110,Neutral
TWT-2026-11315,2026-09-07 01:42:00,@voter_forum,Candidate C,Reform & Integrity Party (RIP),Governance & Ethics,"District polling data updated as of 12 PM: 42% Candidate A, 40% Candidate B, 18% Candidate C or undecided.",362,112,Neutral
TWT-2026-11316,2026-08-15 18:32:00,@public_affairs_hub,Candidate A,Alliance for Progress (AFP),Infrastructure & Green Energy,Kudos to Candidate A for addressing rural healthcare and small businesses head on!,667,163,Positive
TWT-2026-11317,2026-09-24 16:51:00,@policy_watch,Candidate C,Reform & Integrity Party (RIP),Governance & Ethics,A refreshing speech on democratic renewal and ethics from Candidate C. Count me in!,3449,1108,Positive
TWT-2026-11318,2026-08-18 06:53:00,@public_affairs_hub,Candidate C,Reform & Integrity Party (RIP),Infrastructure & Green Energy,Best candidate in the race by far. @CandidateC understands our economic challenges.,4321,1070,Positive
TWT-2026-11319,2026-09-17 03:44:00,@democratic_forum,Candidate B,National Democratic Union (NDU),Healthcare,FYI: Ignoring public opinion on Healthcare! Candidate B continues to serve special interests rather than ordinary families. @CandidateB,2021,1490,Negative
TWT-2026-11320,2026-09-02 02:58:00,@voter_chronicle,Candidate B,National Democratic Union (NDU),National Security,Weak stance on national defense and border security from Candidate B. Compromising our national safety is non-negotiable!,2994,334,Negative
TWT-2026-11321,2026-08-15 18:52:00,@metro_citizen,Candidate C,Reform & Integrity Party (RIP),Infrastructure & Green Energy,Very optimistic after hearing Candidate C's interview. Sensible policies on Infrastructure & Green Energy for all families.,1912,924,Positive
TWT-2026-11322,2026-09-08 08:50:00,@apex_analyst,Candidate C,Reform & Integrity Party (RIP),Healthcare,Education funding increase without raising middle-class taxes? Candidate C actually found a viable budget surplus solution!,5547,1202,Positive
TWT-2026-11323,2026-08-10 18:31:00,@urban_voter,Candidate B,National Democratic Union (NDU),Education,Major blunders in today's press conference by Candidate B. Completely out of touch with the struggles of working people! #Election2026,697,1681,Negative
TWT-2026-11324,2026-09-18 17:45:00,@citizen_journal,Candidate A,Alliance for Progress (AFP),Healthcare,FYI: The tax burden on small businesses under Candidate A's scheme would shut down thousands of local enterprises! #SaveSmallBiz,157,691,Negative
TWT-2026-11325,2026-08-02 22:10:00,@civic_pulse,Candidate C,Reform & Integrity Party (RIP),Economy & Jobs,Voter registration deadline is in two weeks. Check your polling precinct and local ballot measures online. #VoterInfo #Democracy,900,19,Neutral
TWT-2026-11326,2026-08-26 22:35:00,@democratic_forum,Candidate A,Alliance for Progress (AFP),Governance & Ethics,Yes! Great to see Candidate A gaining strong endorsements from grassroots organizations today.,3204,869,Positive
TWT-2026-11327,2026-09-09 03:46:00,@policy_watch,Candidate C,Reform & Integrity Party (RIP),Education,Major blunders in today's press conference by Candidate C. Completely out of touch with the struggles of working people! #Election2026,2789,1386,Negative
TWT-2026-11328,2026-09-17 13:18:00,@national_digest,Candidate A,Alliance for Progress (AFP),National Security,Campaign schedule: Candidate A is scheduled to visit three regional manufacturing hubs tomorrow to discuss trade tariffs. @CandidateA,469,211,Neutral
TWT-2026-11329,2026-09-07 16:05:00,@metro_citizen,Candidate B,National Democratic Union (NDU),National Security,Finally a leader who prioritizes National Security. Candidate B's proposed reforms will uplift working families across the country! @CandidateB,6033,380,Positive
TWT-2026-11330,2026-08-29 05:32:00,@voter_forum,Candidate A,Alliance for Progress (AFP),Governance & Ethics,Broken promises again. Remember what Candidate A said about Governance & Ethics two years ago? Never happened.,3060,1865,Negative
TWT-2026-11331,2026-08-04 18:33:00,@truth_seeker_99,Candidate C,Reform & Integrity Party (RIP),Education,Candidate C submitted the official campaign expenditure statement to the election commission yesterday afternoon. @CandidateC,247,154,Neutral
TWT-2026-11332,2026-09-18 05:09:00,@policy_watch,Candidate C,Reform & Integrity Party (RIP),Governance & Ethics,Voter sentiment survey across 10 battleground districts shows a statistical dead heat between Candidate C and opponents. #Polls,302,167,Neutral
TWT-2026-11333,2026-09-26 19:20:00,@political_insider,Candidate C,Reform & Integrity Party (RIP),National Security,Candidate C met with university faculty representatives to discuss federal grants for scientific research and National Security. #EducationNews,450,267,Neutral
TWT-2026-11334,2026-08-29 07:56:00,@daily_elector,Candidate B,National Democratic Union (NDU),Education,"Analysis of the three candidate manifestos regarding Education: A comparison of tax rates, timeline, and projected GDP impact. #PolicyReview",131,149,Neutral
TWT-2026-11335,2026-09-12 08:09:00,@political_insider,Candidate B,National Democratic Union (NDU),Education,Ballot counting procedures and independent audit committee verification guidelines published this morning.,781,56,Neutral
TWT-2026-11336,2026-09-27 17:34:00,@campaign_beat,Candidate A,Alliance for Progress (AFP),Governance & Ethics,"Honestly, Total trainwreck of an interview from @CandidateA. Avoided every tough question about campaign financing.",6213,699,Negative
TWT-2026-11337,2026-09-30 18:27:00,@voter_forum,Candidate A,Alliance for Progress (AFP),Infrastructure & Green Energy,Election Update: Candidate A will hold a policy address on Infrastructure & Green Energy this Thursday at 3 PM EST. Coverage streaming live on channel 4. #ElectionUpdate,388,106,Neutral
TWT-2026-11338,2026-09-15 22:58:00,@political_insider,Candidate B,National Democratic Union (NDU),Governance & Ethics,Finally a leader who prioritizes Governance & Ethics. Candidate B's proposed reforms will uplift working families across the country! @CandidateB,3742,609,Positive
TWT-2026-11339,2026-08-18 23:42:00,@political_insider,Candidate B,National Democratic Union (NDU),Infrastructure & Green Energy,I cannot believe people are falling for Candidate B's false narratives on Infrastructure & Green Energy. Do your research!,2184,363,Negative
TWT-2026-11340,2026-09-02 10:17:00,@election_daily,Candidate B,National Democratic Union (NDU),Economy & Jobs,My opinion: A refreshing speech on democratic renewal and ethics from Candidate B. Count me in!,1847,1494,Positive
TWT-2026-11341,2026-08-21 01:27:00,@political_insider,Candidate C,Reform & Integrity Party (RIP),National Security,Total trainwreck of an interview from @CandidateC. Avoided every tough question about campaign financing.,5535,311,Negative
TWT-2026-11342,2026-09-23 20:02:00,@urban_voter,Candidate C,Reform & Integrity Party (RIP),Governance & Ethics,Strong leadership shown by Candidate C during the national crisis. Integrity and compassion in action! #TrueLeader,1584,1728,Positive
TWT-2026-11343,2026-09-30 07:43:00,@campaign_beat,Candidate C,Reform & Integrity Party (RIP),Economy & Jobs,Healthcare accessibility for all citizens! Candidate C has consistently fought for medical reforms. Thank you @CandidateC!,1146,1205,Positive
TWT-2026-11344,2026-08-19 04:12:00,@urban_voter,Candidate B,National Democratic Union (NDU),Infrastructure & Green Energy,The proposed cuts to Infrastructure & Green Energy by Candidate B will devastate rural communities. Completely unacceptable! @CandidateB #VoterDiscontent,3999,774,Negative
TWT-2026-11345,2026-09-01 17:39:00,@campaign_beat,Candidate A,Alliance for Progress (AFP),Governance & Ethics,"Honestly, A refreshing speech on democratic renewal and ethics from Candidate A. Count me in!",6164,443,Positive
TWT-2026-11346,2026-09-10 18:15:00,@urban_voter,Candidate C,Reform & Integrity Party (RIP),Healthcare,Candidate C's latest proposal will drive inflation even higher. Irresponsible spending without any fiscal discipline! #EconomicWarning,3455,1085,Negative
TWT-2026-11347,2026-09-23 07:56:00,@apex_analyst,Candidate B,National Democratic Union (NDU),Infrastructure & Green Energy,Total trainwreck of an interview from @CandidateB. Avoided every tough question about campaign financing.,5411,745,Negative
TWT-2026-11348,2026-09-04 15:18:00,@political_insider,Candidate C,Reform & Integrity Party (RIP),Infrastructure & Green Energy,The election commission released the final list of polling venues and security protocols for district 4. #ElectionNotice,825,202,Neutral
TWT-2026-11349,2026-09-12 13:07:00,@daily_elector,Candidate A,Alliance for Progress (AFP),Economy & Jobs,Statistical breakdown: Comparing historical voter turnout trends with early voting statistics in key swing districts. #ElectionMetrics,439,230,Neutral
TWT-2026-11350,2026-09-15 04:49:00,@citizen_journal,Candidate B,National Democratic Union (NDU),Education,Televised townhall recap: Comparing speaking times of Candidate B and opponents across 5 policy segments.,126,179,Neutral
TWT-2026-11351,2026-09-02 06:56:00,@state_observer,Candidate B,National Democratic Union (NDU),Governance & Ethics,FYI: Voter sentiment survey across 10 battleground districts shows a statistical dead heat between Candidate B and opponents. #Polls,713,122,Neutral
TWT-2026-11352,2026-09-21 14:27:00,@pulse_of_nation,Candidate A,Alliance for Progress (AFP),Governance & Ethics,The parliamentary committee report on Governance & Ethics was reviewed by Candidate A's advisory team earlier today. #PolicyReport,277,164,Neutral
TWT-2026-11353,2026-08-20 14:26:00,@democratic_forum,Candidate B,National Democratic Union (NDU),Economy & Jobs,"Honestly, Historic infrastructure bill proposed by Candidate B. Investing in high-speed rail and renewable grid is visionary! #GreenFuture",4002,1496,Positive
TWT-2026-11354,2026-09-30 19:39:00,@liberty_lens,Candidate C,Reform & Integrity Party (RIP),Healthcare,Solid arguments from @CandidateC tonight. The plan for Healthcare is well thought out and realistic.,1714,1601,Positive
TWT-2026-11355,2026-08-06 22:21:00,@voter_chronicle,Candidate A,Alliance for Progress (AFP),Governance & Ethics,Round 2 of bipartisan town hall discussions scheduled for next Wednesday at 6 PM. Moderated by civic forum.,30,12,Neutral
TWT-2026-11356,2026-08-13 05:53:00,@econ_observer,Candidate C,Reform & Integrity Party (RIP),Economy & Jobs,Take note: Kudos to Candidate C for addressing rural healthcare and small businesses head on!,428,1067,Positive
TWT-2026-11357,2026-08-22 13:13:00,@econ_observer,Candidate B,National Democratic Union (NDU),National Security,"Terrible debate showing for Candidate B. Aggressive, defensive, and lacking any coherent policy vision on National Security. #DebateLoss",2407,669,Negative
TWT-2026-11358,2026-09-03 03:32:00,@pulse_of_nation,Candidate C,Reform & Integrity Party (RIP),Healthcare,Deeply disappointed by Candidate C's vague answers on Healthcare. Zero concrete plans to tackle the crisis! @CandidateC #DebateFail,325,90,Negative
TWT-2026-11359,2026-08-03 08:47:00,@political_insider,Candidate B,National Democratic Union (NDU),Economy & Jobs,"My opinion: Analysis of the three candidate manifestos regarding Economy & Jobs: A comparison of tax rates, timeline, and projected GDP impact. #PolicyReview",299,156,Neutral
TWT-2026-11360,2026-08-05 02:32:00,@voter_forum,Candidate B,National Democratic Union (NDU),National Security,Severe mismanagement in previous terms makes Candidate B unfit to oversee national National Security. #NoConfidence,1104,1113,Negative
TWT-2026-11361,2026-09-04 19:58:00,@metro_citizen,Candidate C,Reform & Integrity Party (RIP),National Security,Weak stance on national defense and border security from Candidate C. Compromising our national safety is non-negotiable!,195,68,Negative
TWT-2026-11362,2026-09-24 09:50:00,@liberty_lens,Candidate A,Alliance for Progress (AFP),National Security,Inspiring words from Candidate A at the community rally. Let's make this win happen!,3229,402,Positive
TWT-2026-11363,2026-08-13 03:16:00,@urban_voter,Candidate B,National Democratic Union (NDU),Governance & Ethics,Registration guidelines for overseas citizen voting and mail-in ballot dispatch timelines posted on official portal.,33,156,Neutral
TWT-2026-11364,2026-09-05 08:30:00,@apex_analyst,Candidate C,Reform & Integrity Party (RIP),Infrastructure & Green Energy,Just in: Fact-checking the claims made during yesterday's round-table discussion on Infrastructure & Green Energy and public expenditure. #FactCheck,308,221,Neutral
TWT-2026-11365,2026-09-16 12:23:00,@national_digest,Candidate C,Reform & Integrity Party (RIP),Governance & Ethics,Just in: Yes! Great to see Candidate C gaining strong endorsements from grassroots organizations today.,2028,788,Positive
TWT-2026-11366,2026-08-02 12:49:00,@democratic_forum,Candidate C,Reform & Integrity Party (RIP),National Security,Candidate C submitted the official campaign expenditure statement to the election commission yesterday afternoon. @CandidateC,473,116,Neutral
TWT-2026-11367,2026-08-22 04:51:00,@urban_voter,Candidate B,National Democratic Union (NDU),Education,Loving Candidate B's honest take on Education. Real solutions rather than empty slogans.,4638,228,Positive
TWT-2026-11368,2026-09-01 18:15:00,@civic_pulse,Candidate A,Alliance for Progress (AFP),Economy & Jobs,Solid arguments from @CandidateA tonight. The plan for Economy & Jobs is well thought out and realistic.,1411,430,Positive
TWT-2026-11369,2026-09-06 07:03:00,@national_digest,Candidate A,Alliance for Progress (AFP),Infrastructure & Green Energy,Very optimistic after hearing Candidate A's interview. Sensible policies on Infrastructure & Green Energy for all families.,3904,1076,Positive
TWT-2026-11370,2026-08-10 01:20:00,@insight_politics,Candidate B,National Democratic Union (NDU),Education,Education funding increase without raising middle-class taxes? Candidate B actually found a viable budget surplus solution!,2576,1521,Positive
TWT-2026-11371,2026-09-18 17:50:00,@citizen_journal,Candidate C,Reform & Integrity Party (RIP),Governance & Ethics,Weak stance on national defense and border security from Candidate C. Compromising our national safety is non-negotiable!,75,1106,Negative
TWT-2026-11372,2026-09-15 15:32:00,@econ_observer,Candidate C,Reform & Integrity Party (RIP),Infrastructure & Green Energy,Ignoring public opinion on Infrastructure & Green Energy! Candidate C continues to serve special interests rather than ordinary families. @CandidateC,5371,973,Negative
TWT-2026-11373,2026-08-25 04:48:00,@voter_voice,Candidate C,Reform & Integrity Party (RIP),National Security,Just watched the town hall. Candidate C demonstrated remarkable grasp of National Security. They have my full support! #VoterChoice,885,876,Positive
TWT-2026-11374,2026-08-03 13:31:00,@daily_elector,Candidate A,Alliance for Progress (AFP),Governance & Ethics,"Honestly, Registration guidelines for overseas citizen voting and mail-in ballot dispatch timelines posted on official portal.",134,87,Neutral
TWT-2026-11375,2026-08-19 03:27:00,@apex_analyst,Candidate C,Reform & Integrity Party (RIP),Governance & Ethics,I cannot believe people are falling for Candidate C's false narratives on Governance & Ethics. Do your research!,1175,1720,Negative
TWT-2026-11376,2026-08-24 18:41:00,@daily_elector,Candidate C,Reform & Integrity Party (RIP),National Security,Candidate C's track record on corruption and ethical conduct is deeply concerning. Voters deserve better! #EthicsMatter,4310,1328,Negative
TWT-2026-11377,2026-09-30 22:23:00,@truth_seeker_99,Candidate A,Alliance for Progress (AFP),Education,Summary of candidate remarks regarding agricultural subsidies and regional irrigation projects. #AgriNews,711,106,Neutral
TWT-2026-11378,2026-09-29 23:46:00,@metro_citizen,Candidate C,Reform & Integrity Party (RIP),Education,I cannot believe people are falling for Candidate C's false narratives on Education. Do your research!,3821,870,Negative
TWT-2026-11379,2026-08-12 04:30:00,@civic_pulse,Candidate A,Alliance for Progress (AFP),Governance & Ethics,"Just in: District polling data updated as of 12 PM: 42% Candidate A, 40% Candidate B, 18% Candidate C or undecided.",859,244,Neutral
TWT-2026-11380,2026-09-04 14:21:00,@political_insider,Candidate A,Alliance for Progress (AFP),Education,"Clear vision, dignity, and practical execution. Rooting for Candidate A in the upcoming vote!",1562,413,Positive
TWT-2026-11381,2026-09-26 07:22:00,@urban_voter,Candidate A,Alliance for Progress (AFP),Governance & Ethics,Take note: Official notice: Candidate debate on Governance & Ethics will be broadcast nationwide with simultaneous sign language interpretation. #Debate2026,618,82,Neutral
TWT-2026-11382,2026-08-20 11:39:00,@national_digest,Candidate A,Alliance for Progress (AFP),Healthcare,Polling stations will open at 7:00 AM on election day. Early mail-in voting starts next Monday across all counties. #ElectionGuide,301,220,Neutral
TWT-2026-11383,2026-08-05 18:09:00,@political_insider,Candidate B,National Democratic Union (NDU),Education,Solid arguments from @CandidateB tonight. The plan for Education is well thought out and realistic.,4457,1318,Positive
TWT-2026-11384,2026-08-09 16:37:00,@urban_voter,Candidate C,Reform & Integrity Party (RIP),Healthcare,Polling stations will open at 7:00 AM on election day. Early mail-in voting starts next Monday across all counties. #ElectionGuide,192,136,Neutral
TWT-2026-11385,2026-09-21 23:55:00,@civic_sentinel,Candidate B,National Democratic Union (NDU),Education,Inspiring words from Candidate B at the community rally. Let's make this win happen!,4876,1243,Positive
TWT-2026-11386,2026-08-14 02:59:00,@civic_sentinel,Candidate C,Reform & Integrity Party (RIP),Infrastructure & Green Energy,"Proud to endorse Candidate C! A visionary roadmap for technology innovation, education, and social welfare. #ForwardTogether",1402,10,Positive
TWT-2026-11387,2026-09-27 01:08:00,@truth_seeker_99,Candidate A,Alliance for Progress (AFP),Healthcare,"Another empty campaign promise from Candidate A. Talk is cheap, but where is the actual funding for Healthcare? #BrokenPromises",3925,9,Negative
TWT-2026-11388,2026-09-18 03:15:00,@econ_observer,Candidate B,National Democratic Union (NDU),Infrastructure & Green Energy,Televised townhall recap: Comparing speaking times of Candidate B and opponents across 5 policy segments.,493,169,Neutral
TWT-2026-11389,2026-09-23 16:20:00,@truth_seeker_99,Candidate B,National Democratic Union (NDU),Infrastructure & Green Energy,Severe mismanagement in previous terms makes Candidate B unfit to oversee national Infrastructure & Green Energy. #NoConfidence,5815,1951,Negative
TWT-2026-11390,2026-09-23 13:35:00,@election_daily,Candidate A,Alliance for Progress (AFP),Governance & Ethics,Watching Candidate A dodge straightforward questions on Governance & Ethics was painful. Lack of transparency is alarming! #AccountabilityNow,1390,1145,Negative
TWT-2026-11391,2026-08-28 20:22:00,@daily_elector,Candidate B,National Democratic Union (NDU),National Security,Polling stations will open at 7:00 AM on election day. Early mail-in voting starts next Monday across all counties. #ElectionGuide,711,63,Neutral
TWT-2026-11392,2026-08-14 19:35:00,@campaign_beat,Candidate A,Alliance for Progress (AFP),Education,Ethical governance and complete anti-corruption measures! Exactly why Candidate A deserves to lead this nation! #CleanPolitics,5513,713,Positive
TWT-2026-11393,2026-09-03 06:00:00,@public_affairs_hub,Candidate B,National Democratic Union (NDU),Education,"FYI: Another empty campaign promise from Candidate B. Talk is cheap, but where is the actual funding for Education? #BrokenPromises",6154,51,Negative
TWT-2026-11394,2026-09-02 00:38:00,@grassroots_talk,Candidate B,National Democratic Union (NDU),Education,Candidate B submitted the official campaign expenditure statement to the election commission yesterday afternoon. @CandidateB,942,190,Neutral
TWT-2026-11395,2026-09-14 22:16:00,@grassroots_talk,Candidate A,Alliance for Progress (AFP),National Security,Historic infrastructure bill proposed by Candidate A. Investing in high-speed rail and renewable grid is visionary! #GreenFuture,5281,985,Positive
TWT-2026-11396,2026-08-31 19:40:00,@election_daily,Candidate C,Reform & Integrity Party (RIP),Economy & Jobs,Inspiring words from Candidate C at the community rally. Let's make this win happen!,274,1772,Positive
TWT-2026-11397,2026-09-04 03:02:00,@voter_chronicle,Candidate B,National Democratic Union (NDU),Healthcare,Loving Candidate B's honest take on Healthcare. Real solutions rather than empty slogans.,6168,1796,Positive
TWT-2026-11398,2026-08-09 02:26:00,@political_insider,Candidate A,Alliance for Progress (AFP),Governance & Ethics,Very poor response from Candidate A regarding the corruption allegations. Silence speaks volumes.,1284,732,Negative
TWT-2026-11399,2026-09-24 17:17:00,@campaign_beat,Candidate A,Alliance for Progress (AFP),Infrastructure & Green Energy,"Wasteful spending, no fiscal restraint, and reckless slogans from @CandidateA. Hard pass!",5851,263,Negative
TWT-2026-11400,2026-09-24 10:57:00,@insight_politics,Candidate C,Reform & Integrity Party (RIP),Governance & Ethics,Registration guidelines for overseas citizen voting and mail-in ballot dispatch timelines posted on official portal.,27,172,Neutral
TWT-2026-11401,2026-08-27 21:42:00,@policy_watch,Candidate A,Alliance for Progress (AFP),Governance & Ethics,Just in: A refreshing speech on democratic renewal and ethics from Candidate A. Count me in!,3025,1062,Positive
TWT-2026-11402,2026-08-12 14:02:00,@grassroots_talk,Candidate A,Alliance for Progress (AFP),Healthcare,Yes! Great to see Candidate A gaining strong endorsements from grassroots organizations today.,1233,1497,Positive
TWT-2026-11403,2026-08-20 08:35:00,@voter_chronicle,Candidate C,Reform & Integrity Party (RIP),Healthcare,"Honestly, Very poor response from Candidate C regarding the corruption allegations. Silence speaks volumes.",4170,1684,Negative
TWT-2026-11404,2026-08-30 02:07:00,@civic_pulse,Candidate A,Alliance for Progress (AFP),Education,Official notice: Candidate debate on Education will be broadcast nationwide with simultaneous sign language interpretation. #Debate2026,591,46,Neutral
TWT-2026-11405,2026-08-02 05:50:00,@voter_voice,Candidate A,Alliance for Progress (AFP),National Security,Just watched the town hall. Candidate A demonstrated remarkable grasp of National Security. They have my full support! #VoterChoice,1545,655,Positive
TWT-2026-11406,2026-09-30 07:19:00,@swing_state_view,Candidate A,Alliance for Progress (AFP),National Security,Campaign schedule: Candidate A is scheduled to visit three regional manufacturing hubs tomorrow to discuss trade tariffs. @CandidateA,481,43,Neutral
TWT-2026-11407,2026-08-25 22:18:00,@daily_elector,Candidate C,Reform & Integrity Party (RIP),Healthcare,Registration guidelines for overseas citizen voting and mail-in ballot dispatch timelines posted on official portal.,783,69,Neutral
TWT-2026-11408,2026-08-18 06:11:00,@apex_analyst,Candidate B,National Democratic Union (NDU),Healthcare,My opinion: Inspiring words from Candidate B at the community rally. Let's make this win happen!,2609,852,Positive
TWT-2026-11409,2026-09-07 11:22:00,@national_digest,Candidate B,National Democratic Union (NDU),National Security,The tax burden on small businesses under Candidate B's scheme would shut down thousands of local enterprises! #SaveSmallBiz,2197,386,Negative
TWT-2026-11410,2026-08-25 04:34:00,@public_affairs_hub,Candidate C,Reform & Integrity Party (RIP),Governance & Ethics,Take note: The tax burden on small businesses under Candidate C's scheme would shut down thousands of local enterprises! #SaveSmallBiz,5199,706,Negative
TWT-2026-11411,2026-09-20 09:13:00,@liberty_lens,Candidate A,Alliance for Progress (AFP),National Security,Education funding increase without raising middle-class taxes? Candidate A actually found a viable budget surplus solution!,2866,1328,Positive
TWT-2026-11412,2026-08-17 06:29:00,@grassroots_talk,Candidate C,Reform & Integrity Party (RIP),Governance & Ethics,My opinion: Round 2 of bipartisan town hall discussions scheduled for next Wednesday at 6 PM. Moderated by civic forum.,859,139,Neutral
TWT-2026-11413,2026-08-30 18:20:00,@voter_chronicle,Candidate A,Alliance for Progress (AFP),Economy & Jobs,Total trainwreck of an interview from @CandidateA. Avoided every tough question about campaign financing.,5423,771,Negative
TWT-2026-11414,2026-08-07 20:22:00,@voter_voice,Candidate C,Reform & Integrity Party (RIP),Infrastructure & Green Energy,Best candidate in the race by far. @CandidateC understands our economic challenges.,4845,74,Positive
TWT-2026-11415,2026-08-07 05:58:00,@voter_chronicle,Candidate A,Alliance for Progress (AFP),Infrastructure & Green Energy,The election commission released the final list of polling venues and security protocols for district 4. #ElectionNotice,352,174,Neutral
TWT-2026-11416,2026-08-29 19:29:00,@public_affairs_hub,Candidate B,National Democratic Union (NDU),Healthcare,Official notice: Candidate debate on Healthcare will be broadcast nationwide with simultaneous sign language interpretation. #Debate2026,569,97,Neutral
TWT-2026-11417,2026-08-16 08:46:00,@voter_chronicle,Candidate C,Reform & Integrity Party (RIP),National Security,Education funding increase without raising middle-class taxes? Candidate C actually found a viable budget surplus solution!,6012,822,Positive
TWT-2026-11418,2026-09-29 07:48:00,@truth_seeker_99,Candidate C,Reform & Integrity Party (RIP),Education,The election commission released the final list of polling venues and security protocols for district 4. #ElectionNotice,704,207,Neutral
TWT-2026-11419,2026-08-26 18:01:00,@daily_elector,Candidate A,Alliance for Progress (AFP),Infrastructure & Green Energy,Voter sentiment survey across 10 battleground districts shows a statistical dead heat between Candidate A and opponents. #Polls,802,139,Neutral
TWT-2026-11420,2026-08-13 18:48:00,@metro_citizen,Candidate C,Reform & Integrity Party (RIP),Healthcare,"I was undecided until I read Candidate C's policy paper on Healthcare. Transparent, pragmatic, and data-driven! #SmartGovernance",4914,1433,Positive
TWT-2026-11421,2026-08-20 04:51:00,@voter_chronicle,Candidate A,Alliance for Progress (AFP),National Security,The parliamentary committee report on National Security was reviewed by Candidate A's advisory team earlier today. #PolicyReport,817,29,Neutral
TWT-2026-11422,2026-08-13 05:19:00,@apex_analyst,Candidate B,National Democratic Union (NDU),Infrastructure & Green Energy,"The debate performance of Candidate B was calm, articulate, and completely decisive on Infrastructure & Green Energy. Outstanding! #DebateWinner",3798,6,Positive
TWT-2026-11423,2026-08-10 21:35:00,@national_digest,Candidate A,Alliance for Progress (AFP),Healthcare,"My opinion: Terrible debate showing for Candidate A. Aggressive, defensive, and lacking any coherent policy vision on Healthcare. #DebateLoss",1695,1796,Negative
TWT-2026-11424,2026-09-13 12:44:00,@campaign_beat,Candidate B,National Democratic Union (NDU),Economy & Jobs,Take note: I cannot believe people are falling for Candidate B's false narratives on Economy & Jobs. Do your research!,1335,1419,Negative
TWT-2026-11425,2026-08-25 04:20:00,@national_digest,Candidate B,National Democratic Union (NDU),National Security,"Honestly, Listening to the concerns of ordinary citizens! Candidate B spent hours at the community center answering tough questions on National Security.",3821,1451,Positive
TWT-2026-11426,2026-09-04 02:22:00,@citizen_journal,Candidate A,Alliance for Progress (AFP),Infrastructure & Green Energy,Ignoring public opinion on Infrastructure & Green Energy! Candidate A continues to serve special interests rather than ordinary families. @CandidateA,2349,1747,Negative
TWT-2026-11427,2026-08-12 07:23:00,@voter_chronicle,Candidate C,Reform & Integrity Party (RIP),National Security,Reviewing the key legislative bills co-sponsored by Candidate C between 2022 and 2025 regarding National Security.,37,115,Neutral
TWT-2026-11428,2026-09-11 07:08:00,@citizen_journal,Candidate B,National Democratic Union (NDU),Governance & Ethics,Deeply disappointed by Candidate B's vague answers on Governance & Ethics. Zero concrete plans to tackle the crisis! @CandidateB #DebateFail,5031,1638,Negative
TWT-2026-11429,2026-09-11 05:27:00,@metro_citizen,Candidate A,Alliance for Progress (AFP),Economy & Jobs,Just in: Candidate A met with university faculty representatives to discuss federal grants for scientific research and Economy & Jobs. #EducationNews,319,224,Neutral
TWT-2026-11430,2026-08-12 05:25:00,@swing_state_view,Candidate B,National Democratic Union (NDU),Education,Just in: Fact-checking the claims made during yesterday's round-table discussion on Education and public expenditure. #FactCheck,701,248,Neutral
TWT-2026-11431,2026-08-07 20:55:00,@pulse_of_nation,Candidate C,Reform & Integrity Party (RIP),Economy & Jobs,Ethical governance and complete anti-corruption measures! Exactly why Candidate C deserves to lead this nation! #CleanPolitics,701,714,Positive
TWT-2026-11432,2026-09-13 14:00:00,@citizen_journal,Candidate A,Alliance for Progress (AFP),Healthcare,The parliamentary committee report on Healthcare was reviewed by Candidate A's advisory team earlier today. #PolicyReport,141,296,Neutral
TWT-2026-11433,2026-08-17 23:40:00,@political_insider,Candidate C,Reform & Integrity Party (RIP),National Security,Just in: Listening to the concerns of ordinary citizens! Candidate C spent hours at the community center answering tough questions on National Security.,3485,1584,Positive
TWT-2026-11434,2026-09-24 17:23:00,@political_insider,Candidate C,Reform & Integrity Party (RIP),Infrastructure & Green Energy,Total trainwreck of an interview from @CandidateC. Avoided every tough question about campaign financing.,3084,1947,Negative
TWT-2026-11435,2026-08-10 00:21:00,@insight_politics,Candidate A,Alliance for Progress (AFP),Infrastructure & Green Energy,Solid arguments from @CandidateA tonight. The plan for Infrastructure & Green Energy is well thought out and realistic.,3166,1787,Positive
TWT-2026-11436,2026-08-30 13:03:00,@election_daily,Candidate C,Reform & Integrity Party (RIP),Education,Candidate C met with university faculty representatives to discuss federal grants for scientific research and Education. #EducationNews,537,316,Neutral
TWT-2026-11437,2026-09-26 19:43:00,@voter_chronicle,Candidate B,National Democratic Union (NDU),Economy & Jobs,Huge turnout at the Candidate B rally today! The energy is electric and the momentum is unstoppable! #Election2026,4035,947,Positive
TWT-2026-11438,2026-08-02 17:17:00,@daily_elector,Candidate B,National Democratic Union (NDU),Infrastructure & Green Energy,Strong leadership shown by Candidate B during the national crisis. Integrity and compassion in action! #TrueLeader,5554,611,Positive
TWT-2026-11439,2026-09-10 01:38:00,@political_insider,Candidate B,National Democratic Union (NDU),Education,Education funding increase without raising middle-class taxes? Candidate B actually found a viable budget surplus solution!,168,919,Positive
TWT-2026-11440,2026-09-04 03:08:00,@voter_forum,Candidate B,National Democratic Union (NDU),National Security,"Honestly, New voter survey released today shows Candidate B holding a 48% approval rating among independent voters. #PollTracker #Data",554,204,Neutral
TWT-2026-11441,2026-08-30 22:39:00,@democratic_forum,Candidate A,Alliance for Progress (AFP),National Security,I cannot believe people are falling for Candidate A's false narratives on National Security. Do your research!,3561,1133,Negative
TWT-2026-11442,2026-08-03 04:38:00,@voter_forum,Candidate C,Reform & Integrity Party (RIP),Governance & Ethics,FYI: Reviewing the key legislative bills co-sponsored by Candidate C between 2022 and 2025 regarding Governance & Ethics.,479,22,Neutral
TWT-2026-11443,2026-09-10 23:19:00,@state_observer,Candidate C,Reform & Integrity Party (RIP),Economy & Jobs,Fact-checking the claims made during yesterday's round-table discussion on Economy & Jobs and public expenditure. #FactCheck,534,42,Neutral
TWT-2026-11444,2026-09-17 02:53:00,@state_observer,Candidate B,National Democratic Union (NDU),Economy & Jobs,"Another empty campaign promise from Candidate B. Talk is cheap, but where is the actual funding for Economy & Jobs? #BrokenPromises",6147,1060,Negative
TWT-2026-11445,2026-09-04 07:44:00,@policy_watch,Candidate A,Alliance for Progress (AFP),Healthcare,Reviewing the key legislative bills co-sponsored by Candidate A between 2022 and 2025 regarding Healthcare.,277,157,Neutral
TWT-2026-11446,2026-08-18 23:44:00,@national_digest,Candidate B,National Democratic Union (NDU),Governance & Ethics,Loving Candidate B's honest take on Governance & Ethics. Real solutions rather than empty slogans.,1787,1562,Positive
TWT-2026-11447,2026-09-28 05:43:00,@apex_analyst,Candidate A,Alliance for Progress (AFP),Education,Total trainwreck of an interview from @CandidateA. Avoided every tough question about campaign financing.,5530,195,Negative
TWT-2026-11448,2026-09-12 04:17:00,@grassroots_talk,Candidate B,National Democratic Union (NDU),Economy & Jobs,Education funding increase without raising middle-class taxes? Candidate B actually found a viable budget surplus solution!,1721,43,Positive
TWT-2026-11449,2026-09-15 10:14:00,@civic_pulse,Candidate B,National Democratic Union (NDU),Governance & Ethics,"Honestly, Public hearing on state infrastructure maintenance completed with statements from Candidate B's liaison.",335,51,Neutral
TWT-2026-11450,2026-09-10 19:21:00,@econ_observer,Candidate C,Reform & Integrity Party (RIP),Education,Disagree completely with @CandidateC's authoritarian approach to public education and local governance.,5862,1894,Negative
TWT-2026-11451,2026-08-23 14:09:00,@election_daily,Candidate B,National Democratic Union (NDU),Infrastructure & Green Energy,Solid arguments from @CandidateB tonight. The plan for Infrastructure & Green Energy is well thought out and realistic.,127,707,Positive
TWT-2026-11452,2026-08-17 12:02:00,@swing_state_view,Candidate C,Reform & Integrity Party (RIP),Infrastructure & Green Energy,"Just in: Proud to endorse Candidate C! A visionary roadmap for technology innovation, education, and social welfare. #ForwardTogether",4385,1433,Positive
TWT-2026-11453,2026-08-06 06:47:00,@truth_seeker_99,Candidate C,Reform & Integrity Party (RIP),Economy & Jobs,Public hearing on state infrastructure maintenance completed with statements from Candidate C's liaison.,508,289,Neutral
TWT-2026-11454,2026-08-30 00:09:00,@civic_sentinel,Candidate B,National Democratic Union (NDU),Education,Rising unemployment numbers prove Candidate B's economic strategy has failed miserably. Time for a change of direction! #JobsCrisis,6181,1299,Negative
TWT-2026-11455,2026-09-18 00:48:00,@apex_analyst,Candidate C,Reform & Integrity Party (RIP),Healthcare,Shocking lack of empathy from Candidate C today. Clearly disconnected from ordinary realities.,2910,1775,Negative
TWT-2026-11456,2026-08-09 12:38:00,@political_insider,Candidate C,Reform & Integrity Party (RIP),National Security,Loving Candidate C's honest take on National Security. Real solutions rather than empty slogans.,1947,773,Positive
TWT-2026-11457,2026-08-12 05:49:00,@national_digest,Candidate A,Alliance for Progress (AFP),Infrastructure & Green Energy,Watching Candidate A dodge straightforward questions on Infrastructure & Green Energy was painful. Lack of transparency is alarming! #AccountabilityNow,1761,461,Negative
TWT-2026-11458,2026-08-27 19:17:00,@liberty_lens,Candidate C,Reform & Integrity Party (RIP),Infrastructure & Green Energy,Solid arguments from @CandidateC tonight. The plan for Infrastructure & Green Energy is well thought out and realistic.,3371,725,Positive
TWT-2026-11459,2026-09-04 12:14:00,@pulse_of_nation,Candidate B,National Democratic Union (NDU),National Security,Candidate B submitted the official campaign expenditure statement to the election commission yesterday afternoon. @CandidateB,690,164,Neutral
TWT-2026-11460,2026-08-26 09:00:00,@econ_observer,Candidate B,National Democratic Union (NDU),Infrastructure & Green Energy,My opinion: Rising unemployment numbers prove Candidate B's economic strategy has failed miserably. Time for a change of direction! #JobsCrisis,6797,1848,Negative
TWT-2026-11461,2026-08-25 18:41:00,@state_observer,Candidate B,National Democratic Union (NDU),Infrastructure & Green Energy,Kudos to Candidate B for addressing rural healthcare and small businesses head on!,1436,1404,Positive
TWT-2026-11462,2026-08-09 19:39:00,@truth_seeker_99,Candidate B,National Democratic Union (NDU),Infrastructure & Green Energy,"Proud to endorse Candidate B! A visionary roadmap for technology innovation, education, and social welfare. #ForwardTogether",5238,64,Positive
TWT-2026-11463,2026-08-21 19:15:00,@daily_elector,Candidate A,Alliance for Progress (AFP),Governance & Ethics,Reviewing the key legislative bills co-sponsored by Candidate A between 2022 and 2025 regarding Governance & Ethics.,759,211,Neutral
TWT-2026-11464,2026-08-02 23:38:00,@urban_voter,Candidate C,Reform & Integrity Party (RIP),National Security,I cannot believe people are falling for Candidate C's false narratives on National Security. Do your research!,5636,380,Negative
TWT-2026-11465,2026-09-16 07:11:00,@citizen_journal,Candidate B,National Democratic Union (NDU),Governance & Ethics,Total trainwreck of an interview from @CandidateB. Avoided every tough question about campaign financing.,1611,669,Negative
TWT-2026-11466,2026-08-14 18:29:00,@election_daily,Candidate C,Reform & Integrity Party (RIP),Healthcare,"Honestly, The parliamentary committee report on Healthcare was reviewed by Candidate C's advisory team earlier today. #PolicyReport",145,152,Neutral
TWT-2026-11467,2026-08-30 16:41:00,@political_insider,Candidate A,Alliance for Progress (AFP),National Security,Very optimistic after hearing Candidate A's interview. Sensible policies on National Security for all families.,3659,500,Positive
TWT-2026-11468,2026-08-05 00:47:00,@policy_watch,Candidate C,Reform & Integrity Party (RIP),Education,"The debate performance of Candidate C was calm, articulate, and completely decisive on Education. Outstanding! #DebateWinner",2030,951,Positive
TWT-2026-11469,2026-08-05 13:16:00,@insight_politics,Candidate C,Reform & Integrity Party (RIP),National Security,Education funding increase without raising middle-class taxes? Candidate C actually found a viable budget surplus solution!,4282,967,Positive
TWT-2026-11470,2026-09-04 22:01:00,@election_daily,Candidate C,Reform & Integrity Party (RIP),Economy & Jobs,"District polling data updated as of 12 PM: 42% Candidate A, 40% Candidate B, 18% Candidate C or undecided.",805,312,Neutral
TWT-2026-11471,2026-09-16 01:23:00,@pulse_of_nation,Candidate B,National Democratic Union (NDU),National Security,Candidate B's latest proposal will drive inflation even higher. Irresponsible spending without any fiscal discipline! #EconomicWarning,2429,1639,Negative
TWT-2026-11472,2026-08-08 03:09:00,@grassroots_talk,Candidate C,Reform & Integrity Party (RIP),Governance & Ethics,Kudos to Candidate C for addressing rural healthcare and small businesses head on!,5346,906,Positive
TWT-2026-11473,2026-08-22 04:58:00,@democratic_forum,Candidate C,Reform & Integrity Party (RIP),Economy & Jobs,Disagree completely with @CandidateC's authoritarian approach to public education and local governance.,1414,1509,Negative
TWT-2026-11474,2026-08-05 14:57:00,@insight_politics,Candidate B,National Democratic Union (NDU),Healthcare,Polling stations will open at 7:00 AM on election day. Early mail-in voting starts next Monday across all counties. #ElectionGuide,109,170,Neutral
TWT-2026-11475,2026-08-22 14:44:00,@grassroots_talk,Candidate B,National Democratic Union (NDU),Healthcare,Polling stations will open at 7:00 AM on election day. Early mail-in voting starts next Monday across all counties. #ElectionGuide,360,153,Neutral
TWT-2026-11476,2026-08-02 07:56:00,@voter_chronicle,Candidate C,Reform & Integrity Party (RIP),Education,FYI: Ballot counting procedures and independent audit committee verification guidelines published this morning.,46,73,Neutral
TWT-2026-11477,2026-08-11 18:40:00,@apex_analyst,Candidate C,Reform & Integrity Party (RIP),Education,"District polling data updated as of 12 PM: 42% Candidate A, 40% Candidate B, 18% Candidate C or undecided.",308,159,Neutral
TWT-2026-11478,2026-08-10 19:18:00,@pulse_of_nation,Candidate B,National Democratic Union (NDU),National Security,My opinion: Ethical governance and complete anti-corruption measures! Exactly why Candidate B deserves to lead this nation! #CleanPolitics,5540,608,Positive
TWT-2026-11479,2026-08-10 18:00:00,@grassroots_talk,Candidate B,National Democratic Union (NDU),National Security,Live coverage: Press conference by Candidate B answering questions regarding recent bipartisan committee findings on National Security.,38,110,Neutral
TWT-2026-11480,2026-08-26 15:39:00,@daily_elector,Candidate B,National Democratic Union (NDU),National Security,Yes! Great to see Candidate B gaining strong endorsements from grassroots organizations today.,6131,1787,Positive
TWT-2026-11481,2026-08-24 12:55:00,@citizen_journal,Candidate B,National Democratic Union (NDU),National Security,Voter registration deadline is in two weeks. Check your polling precinct and local ballot measures online. #VoterInfo #Democracy,611,258,Neutral
TWT-2026-11482,2026-08-25 00:42:00,@civic_pulse,Candidate C,Reform & Integrity Party (RIP),Healthcare,Total trainwreck of an interview from @CandidateC. Avoided every tough question about campaign financing.,3978,726,Negative
TWT-2026-11483,2026-09-19 23:50:00,@political_insider,Candidate B,National Democratic Union (NDU),Healthcare,"Take note: I was undecided until I read Candidate B's policy paper on Healthcare. Transparent, pragmatic, and data-driven! #SmartGovernance",1716,464,Positive
TWT-2026-11484,2026-09-10 00:53:00,@voter_forum,Candidate C,Reform & Integrity Party (RIP),Healthcare,Youth employment initiatives by Candidate C are groundbreaking. Giving the next generation real opportunities! @CandidateC #YouthVote,4111,945,Positive
TWT-2026-11485,2026-08-26 20:06:00,@liberty_lens,Candidate C,Reform & Integrity Party (RIP),Healthcare,A refreshing speech on democratic renewal and ethics from Candidate C. Count me in!,1684,749,Positive
TWT-2026-11486,2026-09-04 02:51:00,@policy_watch,Candidate C,Reform & Integrity Party (RIP),Economy & Jobs,Historic infrastructure bill proposed by Candidate C. Investing in high-speed rail and renewable grid is visionary! #GreenFuture,4557,1100,Positive
TWT-2026-11487,2026-09-17 05:44:00,@urban_voter,Candidate B,National Democratic Union (NDU),Governance & Ethics,Yes! Great to see Candidate B gaining strong endorsements from grassroots organizations today.,2056,506,Positive
TWT-2026-11488,2026-08-18 17:17:00,@civic_pulse,Candidate A,Alliance for Progress (AFP),Healthcare,Take note: Very poor response from Candidate A regarding the corruption allegations. Silence speaks volumes.,5906,1876,Negative
TWT-2026-11489,2026-08-09 16:19:00,@policy_watch,Candidate C,Reform & Integrity Party (RIP),Healthcare,Registration guidelines for overseas citizen voting and mail-in ballot dispatch timelines posted on official portal.,860,34,Neutral
TWT-2026-11490,2026-08-30 03:34:00,@policy_watch,Candidate A,Alliance for Progress (AFP),Healthcare,Healthcare accessibility for all citizens! Candidate A has consistently fought for medical reforms. Thank you @CandidateA!,4822,1564,Positive
TWT-2026-11491,2026-08-31 06:06:00,@econ_observer,Candidate B,National Democratic Union (NDU),National Security,"Honestly, Both parties met today to finalize the debate rules covering National Security, foreign policy, and federal budget allocations. #Campaign2026",211,246,Neutral
TWT-2026-11492,2026-09-07 13:55:00,@political_insider,Candidate C,Reform & Integrity Party (RIP),Healthcare,Ballot counting procedures and independent audit committee verification guidelines published this morning.,508,155,Neutral
TWT-2026-11493,2026-09-09 14:00:00,@grassroots_talk,Candidate C,Reform & Integrity Party (RIP),Infrastructure & Green Energy,Kudos to Candidate C for addressing rural healthcare and small businesses head on!,1620,1211,Positive
TWT-2026-11494,2026-08-31 16:18:00,@urban_voter,Candidate B,National Democratic Union (NDU),Governance & Ethics,Take note: Historic infrastructure bill proposed by Candidate B. Investing in high-speed rail and renewable grid is visionary! #GreenFuture,4060,1297,Positive
TWT-2026-11495,2026-09-05 16:19:00,@urban_voter,Candidate B,National Democratic Union (NDU),Education,Solid arguments from @CandidateB tonight. The plan for Education is well thought out and realistic.,2064,703,Positive
TWT-2026-11496,2026-09-02 15:31:00,@daily_elector,Candidate B,National Democratic Union (NDU),Economy & Jobs,"The debate performance of Candidate B was calm, articulate, and completely decisive on Economy & Jobs. Outstanding! #DebateWinner",4019,18,Positive
TWT-2026-11497,2026-08-22 20:43:00,@econ_observer,Candidate A,Alliance for Progress (AFP),Economy & Jobs,Just in: Education funding increase without raising middle-class taxes? Candidate A actually found a viable budget surplus solution!,5538,628,Positive
TWT-2026-11498,2026-08-20 10:49:00,@truth_seeker_99,Candidate A,Alliance for Progress (AFP),Healthcare,Huge turnout at the Candidate A rally today! The energy is electric and the momentum is unstoppable! #Election2026,1923,441,Positive
TWT-2026-11499,2026-08-21 05:12:00,@national_digest,Candidate B,National Democratic Union (NDU),Economy & Jobs,My opinion: Best candidate in the race by far. @CandidateB understands our economic challenges.,2483,1253,Positive
TWT-2026-11500,2026-09-03 15:41:00,@civic_sentinel,Candidate B,National Democratic Union (NDU),Healthcare,"Analysis of the three candidate manifestos regarding Healthcare: A comparison of tax rates, timeline, and projected GDP impact. #PolicyReview",634,82,Neutral
